,전국,서울,종로구,중구,용산구,성동구,광진구,동대문구,중랑구,성북구,강북구,도봉구,노원구,은평구,서대문구,마포구,양천구,강서구,구로구,금천구,영등포구,동작구,관악구,서초구,강남구,송파구,강동구,수도권
17.09.11,73.431,63.768,75.319,70.493,65.815,65.705,65.65,66.073,67.745,64.093,64.641,62.631,58.284,65.411,67.558,62.257,61.537,64.256,61.13,66.277,60.562,62.045,66.802,68.752,65.605,62.143,67.035,65.095
17.09.18,73.444,63.819,75.437,70.547,65.831,65.777,65.774,66.15,67.864,64.144,64.724,62.692,58.276,65.432,67.663,62.338,61.537,64.276,61.197,66.376,60.606,62.122,66.834,68.777,65.659,62.209,67.13,65.126
17.09.25,73.463,63.891,75.604,70.666,65.898,65.872,65.89,66.183,68,64.211,64.748,62.799,58.307,65.47,67.789,62.397,61.616,64.306,61.265,66.429,60.699,62.187,66.946,68.809,65.733,62.306,67.234,65.166
17.10.09,73.48,63.958,75.604,70.813,65.921,66.026,66.058,66.213,68.04,64.304,64.768,62.809,58.349,65.482,67.825,62.44,61.623,64.306,61.327,66.582,60.819,62.226,66.963,68.905,65.832,62.436,67.342,65.198
17.10.16,73.505,64.053,75.696,70.975,66.067,66.188,66.192,66.314,68.105,64.367,64.803,62.827,58.395,65.484,67.913,62.539,61.69,64.369,61.375,66.708,60.963,62.337,67.014,68.999,65.959,62.646,67.458,65.245
17.10.23,73.528,64.15,75.696,71.023,66.2,66.362,66.441,66.418,68.134,64.423,64.914,62.843,58.416,65.488,68.083,62.664,61.754,64.427,61.427,66.714,61.092,62.373,67.081,69.046,66.166,62.874,67.598,65.295
17.10.30,73.55,64.241,75.804,71.066,66.269,66.534,66.674,66.54,68.228,64.48,64.994,62.865,58.471,65.555,68.149,62.764,61.805,64.487,61.473,66.875,61.181,62.396,67.113,69.146,66.284,63.054,67.767,65.342
17.11.06,73.579,64.348,75.859,71.222,66.303,66.779,66.874,66.558,68.303,64.598,65.063,63.035,58.496,65.746,68.263,62.94,61.992,64.54,61.486,66.884,61.257,62.437,67.192,69.218,66.403,63.242,67.971,65.394
17.11.13,73.601,64.45,75.906,71.295,66.413,66.935,67.112,66.569,68.321,64.665,65.081,63.08,58.532,65.765,68.427,63.097,62.189,64.593,61.491,67.007,61.419,62.531,67.223,69.328,66.66,63.4,68.013,65.441
17.11.20,73.621,64.55,76.039,71.392,66.487,67.068,67.294,66.589,68.354,64.731,65.154,63.119,58.563,65.792,68.506,63.27,62.451,64.648,61.497,67.203,61.612,62.556,67.285,69.458,66.837,63.546,68.098,65.482
17.11.27,73.64,64.653,76.052,71.461,66.569,67.251,67.506,66.656,68.36,64.766,65.222,63.138,58.605,65.797,68.644,63.364,62.569,64.686,61.539,67.441,61.779,62.659,67.299,69.581,67.034,63.768,68.253,65.527
17.12.04,73.664,64.767,76.099,71.461,66.653,67.49,67.699,66.693,68.425,64.867,65.243,63.286,58.627,65.797,68.709,63.443,62.764,64.715,61.558,67.58,61.866,62.751,67.332,69.807,67.276,64.01,68.332,65.575
17.12.11,73.689,64.876,76.261,71.498,66.763,67.775,67.781,66.785,68.496,64.896,65.25,63.335,58.648,65.797,68.829,63.668,62.978,64.72,61.596,67.74,61.975,62.898,67.37,69.894,67.489,64.23,68.444,65.618
17.12.18,73.711,64.986,76.451,71.552,66.833,67.971,67.97,66.789,68.569,64.93,65.275,63.373,58.657,65.802,68.868,63.796,63.222,64.762,61.634,67.782,62.063,62.939,67.392,70.007,67.748,64.53,68.647,65.663
17.12.25,73.74,65.105,76.451,71.576,66.904,68.189,68.129,66.895,68.653,64.974,65.307,63.409,58.69,65.802,68.885,63.952,63.449,64.802,61.667,67.977,62.194,63.103,67.427,70.125,67.997,64.782,68.826,65.715
2018.01.01,73.766,65.224,76.577,71.576,67.004,68.461,68.221,66.895,68.733,65.165,65.307,63.428,58.702,65.802,68.908,64.103,63.64,64.893,61.672,67.994,62.26,63.231,67.427,70.286,68.234,65.091,69.053,65.765
18.01.08,73.806,65.411,76.764,71.707,67.201,68.838,68.471,66.997,68.795,65.274,65.348,63.586,58.723,65.899,69,64.332,63.913,64.935,61.765,67.994,62.379,63.416,67.592,70.392,68.786,65.455,69.325,65.841
18.01.15,73.843,65.605,76.764,71.795,67.529,69.182,68.846,67.279,68.833,65.353,65.35,63.63,58.736,65.899,69.02,64.498,64.161,65.082,61.875,67.994,62.564,63.611,67.666,70.621,69.149,65.945,69.72,65.921
18.01.22,73.891,65.845,76.867,72.021,67.953,69.61,69.24,67.437,68.9,65.417,65.482,63.733,58.879,65.941,69.192,64.753,64.576,65.173,61.93,68.112,62.914,63.737,67.816,70.862,69.614,66.474,69.92,66.02
18.01.29,73.937,66.032,76.886,72.176,68.117,70.123,69.518,67.625,69.004,65.494,65.514,63.755,58.928,65.992,69.195,65.02,64.706,65.257,61.94,68.112,62.951,63.913,67.864,71.037,70.155,67.056,70.1,66.102
18.02.05,73.993,66.251,76.941,72.262,68.348,70.522,69.884,67.889,69.166,65.563,65.589,63.819,58.998,66.007,69.316,65.159,65.012,65.302,62.012,68.112,63.183,64.093,67.942,71.277,70.593,67.629,70.527,66.202
18.02.19,73.993,66.251,76.941,72.262,68.348,70.522,69.884,67.889,69.166,65.563,65.589,63.819,58.998,66.007,69.316,65.159,65.012,65.302,62.012,68.112,63.183,64.093,67.942,71.277,70.593,67.629,70.527,66.202
18.02.26,74.064,66.538,77.193,72.533,68.887,71.155,70.45,68.161,69.334,65.764,65.63,63.889,59.175,66.255,69.687,65.39,65.228,65.403,62.035,68.151,63.382,64.304,68.005,71.641,71.234,68.031,71.179,66.328
18.03.05,74.117,66.736,77.363,72.616,69.322,71.714,70.829,68.454,69.494,65.973,65.812,64.062,59.211,66.381,69.927,65.439,65.314,65.507,62.167,68.26,63.572,64.617,68.116,71.914,71.436,68.332,71.507,66.424
18.03.12,74.159,66.928,77.493,72.817,69.56,72.034,71.056,68.618,69.695,66.14,65.877,64.148,59.333,66.438,70.181,65.674,65.422,65.65,62.201,68.326,63.781,64.756,68.283,72.186,71.805,68.614,71.806,66.505
18.03.19,74.195,67.082,77.771,72.996,69.741,72.259,71.242,68.831,69.818,66.34,65.901,64.172,59.451,66.506,70.258,65.845,65.5,65.78,62.295,68.326,63.924,64.991,68.383,72.308,72.133,68.775,72.074,66.574
18.03.26,74.229,67.232,77.771,73.035,70.034,72.411,71.395,69.073,69.974,66.536,65.96,64.338,59.498,66.662,70.426,65.889,65.557,65.89,62.403,68.326,64.167,65.069,68.588,72.435,72.387,69.027,72.273,66.642
18.04.02,74.255,67.361,77.771,73.174,70.336,72.493,71.527,69.126,70.006,66.686,66.057,64.368,59.599,66.684,70.507,66.131,65.609,65.974,62.508,68.406,64.325,65.231,68.655,72.561,72.603,69.273,72.437,66.7
18.04.09,74.274,67.468,77.909,73.299,70.378,72.554,71.607,69.301,70.114,66.764,66.065,64.516,59.643,66.772,70.57,66.195,65.639,66.087,62.647,68.43,64.465,65.332,68.814,72.685,72.821,69.417,72.55,66.756
18.04.16,74.283,67.543,78.187,73.349,70.489,72.65,71.681,69.405,70.137,66.858,66.112,64.562,59.676,66.893,70.764,66.32,65.676,66.115,62.663,68.43,64.659,65.481,68.869,72.695,72.951,69.474,72.623,66.788
18.04.23,74.296,67.627,78.235,73.399,70.506,72.736,71.741,69.53,70.235,66.954,66.175,64.585,59.743,66.992,70.882,66.45,65.739,66.239,62.731,68.462,64.828,65.718,68.888,72.727,73.057,69.509,72.691,66.826
18.04.30,74.311,67.703,78.277,73.448,70.645,72.775,71.777,69.63,70.307,67.079,66.266,64.718,59.785,67.057,70.889,66.567,65.78,66.335,62.755,68.464,64.982,65.835,68.968,72.808,73.142,69.561,72.748,66.864
18.05.07,74.318,67.773,78.366,73.497,70.707,72.805,71.794,69.671,70.322,67.176,66.286,64.812,59.813,67.118,71.008,66.661,65.823,66.378,62.818,68.48,65.138,65.991,69.12,72.814,73.262,69.611,72.863,66.894
18.05.14,74.328,67.835,78.515,73.572,70.846,72.836,71.832,69.692,70.362,67.293,66.294,64.969,59.842,67.199,71.147,66.754,65.868,66.403,62.827,68.521,65.266,66.117,69.134,72.812,73.365,69.675,72.87,66.923
18.05.21,74.335,67.896,78.537,73.602,70.963,72.887,71.864,69.715,70.378,67.33,66.338,65.145,59.862,67.324,71.302,66.781,65.907,66.474,62.883,68.567,65.334,66.248,69.194,72.866,73.472,69.705,72.906,66.954
18.05.28,74.348,67.957,78.537,73.68,71.022,72.973,71.841,69.838,70.395,67.405,66.376,65.193,59.893,67.385,71.365,66.869,66,66.501,62.932,68.669,65.44,66.399,69.281,72.881,73.547,69.748,72.941,66.984
18.06.04,74.352,68.035,78.622,73.84,71.111,72.996,71.849,69.878,70.395,67.527,66.502,65.281,59.915,67.559,71.565,66.97,66.056,66.588,63.054,68.771,65.634,66.581,69.454,72.869,73.566,69.788,73.058,67.016
18.06.11,74.368,68.106,78.886,73.935,71.176,73.026,71.872,69.94,70.398,67.62,66.637,65.3,59.935,67.618,71.778,67.125,66.037,66.671,63.21,68.847,65.787,66.753,69.633,72.855,73.646,69.786,73.175,67.053
18.06.18,74.377,68.16,78.886,73.963,71.281,73.077,71.866,70.115,70.418,67.711,66.672,65.316,59.93,67.779,71.901,67.201,66.042,66.707,63.344,68.864,65.904,66.869,69.786,72.855,73.673,69.781,73.263,67.083
18.06.25,74.379,68.216,79.04,74.009,71.393,73.081,71.905,70.13,70.509,67.767,66.68,65.334,59.958,67.85,72.042,67.3,66.089,66.797,63.449,68.913,66.017,66.999,69.87,72.839,73.707,69.779,73.385,67.108
18.07.02,74.384,68.272,79.04,74.054,71.489,73.131,71.946,70.225,70.587,67.875,66.718,65.359,59.988,67.889,72.124,67.422,66.127,66.898,63.54,68.978,66.093,67.099,70.019,72.842,73.753,69.767,73.395,67.137
18.07.09,74.388,68.343,79.125,74.103,71.535,73.192,71.957,70.365,70.658,68.017,66.784,65.445,60.028,68.011,72.298,67.548,66.13,66.998,63.699,68.999,66.246,67.269,70.148,72.838,73.753,69.749,73.464,67.164
18.07.16,74.393,68.433,79.141,74.137,71.725,73.236,72.005,70.456,70.824,68.19,66.784,65.453,60.127,68.165,72.366,67.658,66.236,67.05,63.868,69.08,66.416,67.44,70.333,72.848,73.808,69.736,73.576,67.197
18.07.23,74.392,68.521,79.19,74.397,71.836,73.236,72.095,70.584,70.876,68.335,66.793,65.559,60.159,68.186,72.524,67.87,66.364,67.167,64.01,69.121,66.62,67.558,70.547,72.855,73.834,69.742,73.655,67.231
18.07.30,74.412,68.659,79.19,74.448,72.077,73.352,72.147,70.704,70.876,68.449,66.88,65.632,60.282,68.378,72.635,68.044,66.554,67.356,64.159,69.145,66.891,67.778,70.751,72.933,74.041,69.814,73.76,67.29
18.08.06,74.446,68.82,79.19,74.456,72.393,73.45,72.219,70.75,70.93,68.658,66.916,65.687,60.42,68.613,72.871,68.336,66.735,67.53,64.358,69.183,67.23,68.025,71.235,73.031,74.151,69.918,73.888,67.366
18.08.13,74.489,69.012,79.271,74.644,72.611,73.494,72.295,70.907,70.966,68.808,66.973,65.985,60.569,68.784,73.076,68.68,67.079,67.703,64.571,69.384,67.613,68.22,71.455,73.2,74.311,70.073,74.075,67.455
18.08.20,74.564,69.321,79.45,74.969,72.961,73.652,72.378,71.049,71.157,69.114,67.095,66.321,60.77,69.233,73.446,68.994,67.483,68.175,64.882,69.726,67.765,68.711,71.935,73.62,74.797,70.271,74.36,67.59
18.08.27,74.709,69.821,80.192,75.171,74.217,73.948,72.666,71.732,71.582,69.527,67.682,66.714,61.134,69.738,73.676,69.454,68.038,68.707,65.563,70.05,68.688,69.214,72.485,74.414,75.292,70.478,74.841,67.839
18.09.03,74.912,70.46,80.545,75.846,75.115,74.658,73.369,72.579,72.05,70.275,68.499,67.505,61.714,70.259,74.267,70.231,68.972,69.28,65.949,70.454,69.139,70.003,73.057,74.91,75.952,71.001,75.58,68.185
18.09.10,75.112,71.128,80.719,76.348,75.508,75.123,73.636,73.255,72.52,70.937,69.56,68.185,62.39,70.561,74.881,70.641,70.04,70.085,66.855,71.006,70.07,70.849,73.656,75.876,76.556,71.566,75.887,68.514
18.09.17,75.373,71.979,81.105,76.605,75.853,76.206,74.458,74.16,73.09,71.641,70.803,69.281,63.501,70.969,75.469,71.458,71.118,70.774,68.049,72.063,70.79,71.742,74.534,76.688,77.113,72.406,76.728,68.957
18.10.01,75.541,72.476,81.665,77.149,76.028,76.758,75.025,74.734,73.409,72.207,71.476,69.963,64.199,71.506,76.028,71.819,71.806,71.399,68.529,72.783,71.294,72.201,74.966,77.103,77.286,72.773,77.073,69.24
18.10.08,75.679,72.833,81.711,77.461,76.291,77.035,75.247,74.946,73.765,72.746,71.838,70.345,64.526,71.972,76.44,72.161,72.131,71.796,69.054,73.209,71.6,72.565,75.494,77.323,77.488,73.206,77.552,69.476
18.10.15,75.789,73.109,81.932,77.606,76.542,77.136,75.378,75.364,74.045,72.938,72.108,70.642,64.833,72.292,76.852,72.367,72.407,72.085,69.367,73.421,71.867,72.861,75.877,77.617,77.613,73.513,77.976,69.667
18.10.22,75.836,73.302,82.125,77.839,76.696,77.311,75.618,75.723,74.269,73.246,72.3,70.861,65.025,72.568,77.066,72.716,72.638,72.176,69.559,73.64,72.128,73.024,76.101,77.741,77.684,73.646,78.11,69.787
18.10.29,75.869,73.398,82.345,77.897,76.834,77.458,75.682,75.791,74.3,73.381,72.312,71.053,65.175,72.767,77.171,72.781,72.751,72.23,69.713,73.767,72.279,73.119,76.199,77.743,77.732,73.674,78.147,69.867
18.11.05,75.888,73.474,82.397,77.976,76.885,77.533,75.723,75.989,74.367,73.446,72.396,71.213,65.27,72.857,77.27,72.85,72.859,72.267,69.742,73.905,72.427,73.252,76.302,77.757,77.737,73.69,78.224,69.936
18.11.12,75.911,73.54,82.478,78.044,76.939,77.61,75.821,76.121,74.446,73.498,72.506,71.359,65.346,72.905,77.334,72.85,72.891,72.344,69.838,73.983,72.521,73.366,76.348,77.755,77.75,73.705,78.367,69.993
18.11.19,75.915,73.592,82.638,78.105,76.966,77.628,75.845,76.158,74.521,73.595,72.603,71.414,65.434,72.991,77.41,72.889,72.972,72.426,69.897,74.061,72.606,73.414,76.389,77.755,77.761,73.702,78.385,70.023
18.11.26,75.918,73.63,82.753,78.105,77.006,77.665,75.859,76.21,74.65,73.658,72.603,71.46,65.468,73.068,77.455,72.954,73.007,72.453,69.937,74.061,72.704,73.498,76.45,77.754,77.75,73.7,78.416,70.043
18.12.03,75.922,73.652,82.772,78.105,77.006,77.723,75.859,76.242,74.65,73.7,72.603,71.53,65.507,73.104,77.485,72.977,73.011,72.47,69.986,74.06,72.767,73.618,76.487,77.754,77.719,73.67,78.419,70.05
18.12.10,75.922,73.668,82.847,78.132,77.004,77.792,75.873,76.242,74.685,73.726,72.603,71.627,65.51,73.14,77.521,72.99,73.033,72.471,70.024,74.076,72.839,73.692,76.509,77.718,77.662,73.666,78.419,70.056
18.12.17,75.914,73.672,82.879,78.203,77.004,77.804,75.872,76.253,74.685,73.738,72.629,71.596,65.544,73.14,77.554,72.983,73.02,72.472,70.024,74.091,72.872,73.727,76.509,77.703,77.649,73.634,78.419,70.053
18.12.24,75.901,73.675,82.911,78.203,77.016,77.804,75.895,76.253,74.709,73.76,72.628,71.596,65.562,73.151,77.581,72.983,73.014,72.486,70.024,74.091,72.886,73.736,76.514,77.687,77.622,73.621,78.418,70.049
18.12.31,75.891,73.667,82.943,78.203,77.049,77.804,75.919,76.253,74.762,73.761,72.65,71.623,65.575,73.177,77.605,72.978,73.009,72.526,70.049,74.091,72.9,73.734,76.514,77.687,77.547,73.468,78.411,70.046
19.01.07,75.881,73.669,82.943,78.203,76.998,77.815,75.935,76.253,74.776,73.761,72.65,71.643,65.569,73.177,77.605,72.962,73.009,72.542,70.069,74.094,72.911,73.751,76.514,77.687,77.538,73.47,78.411,70.044
19.01.14,75.859,73.659,82.958,78.203,76.998,77.816,75.935,76.253,74.786,73.745,72.695,71.686,65.555,73.177,77.605,72.97,72.979,72.542,70.073,74.094,72.96,73.774,76.514,77.682,77.4,73.461,78.357,70.035
19.01.21,75.833,73.647,82.968,78.203,76.998,77.816,75.936,76.253,74.835,73.713,72.704,71.686,65.553,73.177,77.605,72.967,72.967,72.542,70.11,74.094,72.974,73.821,76.514,77.66,77.27,73.406,78.344,70.025
19.01.28,75.809,73.623,82.968,78.203,76.998,77.816,75.936,76.237,74.835,73.657,72.716,71.689,65.53,73.163,77.605,72.926,72.969,72.524,70.133,74.094,72.936,73.806,76.514,77.621,77.179,73.334,78.321,70.014
19.02.11,75.772,73.591,82.968,78.098,76.976,77.81,75.933,76.237,74.835,73.642,72.707,71.685,65.53,73.163,77.627,72.892,72.948,72.524,70.15,74.094,72.876,73.806,76.497,77.585,77.046,73.227,78.203,69.997
19.02.18,75.741,73.561,82.968,78.072,76.942,77.81,75.933,76.183,74.835,73.636,72.707,71.688,65.529,73.163,77.627,72.874,72.926,72.524,70.15,74.094,72.876,73.789,76.427,77.551,76.877,73.155,78.113,69.976
19.02.25,75.706,73.525,82.968,78.072,76.942,77.801,75.923,76.183,74.837,73.592,72.674,71.677,65.53,73.163,77.638,72.87,72.889,72.499,70.163,74.098,72.842,73.789,76.416,77.485,76.639,73.096,78.061,69.949
19.03.04,75.679,73.499,82.968,78.072,76.948,77.778,75.904,76.183,74.82,73.448,72.697,71.677,65.532,73.163,77.64,72.845,72.868,72.468,70.163,74.098,72.826,73.788,76.41,77.403,76.608,73.042,77.984,69.934
19.03.11,75.626,73.467,82.968,78.051,76.948,77.743,75.891,76.152,74.822,73.432,72.663,71.677,65.499,73.135,77.66,72.841,72.846,72.453,70.163,74.098,72.802,73.769,76.346,77.357,76.517,72.941,77.935,69.903
19.03.18,75.57,73.448,82.951,78.047,76.948,77.707,75.876,76.134,74.822,73.413,72.645,71.677,65.494,73.135,77.674,72.832,72.785,72.453,70.171,74.098,72.762,73.772,76.316,77.292,76.512,72.888,77.887,69.875
19.03.25,75.522,73.417,82.951,78.047,76.948,77.707,75.824,76.133,74.803,73.39,72.645,71.663,65.488,73.133,77.674,72.813,72.665,72.453,70.123,74.066,72.762,73.759,76.316,77.192,76.445,72.836,77.827,69.844
19.04.01,75.484,73.392,82.947,78.047,76.948,77.706,75.808,76.133,74.795,73.386,72.645,71.663,65.468,73.13,77.682,72.815,72.63,72.451,70.117,74.066,72.758,73.751,76.283,77.182,76.264,72.798,77.785,69.821
19.04.08,75.465,73.371,82.947,78.047,76.939,77.706,75.793,76.133,74.795,73.325,72.645,71.654,65.454,73.123,77.692,72.801,72.561,72.388,70.105,74.066,72.757,73.724,76.283,77.133,76.247,72.772,77.766,69.808
19.04.15,75.444,73.361,82.947,78.044,76.938,77.703,75.783,76.137,74.795,73.297,72.645,71.654,65.454,73.123,77.723,72.794,72.558,72.385,70.105,74.053,72.757,73.695,76.283,77.085,76.218,72.734,77.756,69.797
19.04.22,75.421,73.341,82.947,78.044,76.938,77.7,75.773,76.101,74.791,73.251,72.645,71.654,65.456,73.123,77.737,72.7,72.548,72.379,70.108,74.053,72.758,73.676,76.277,77.047,76.185,72.729,77.583,69.778
19.04.29,75.388,73.332,82.933,78.044,76.928,77.7,75.76,76.101,74.793,73.242,72.645,71.654,65.455,73.123,77.737,72.693,72.544,72.368,70.108,74.053,72.758,73.665,76.277,77.036,76.168,72.72,77.488,69.761
19.05.06,75.367,73.325,82.933,78.044,76.924,77.72,75.754,76.101,74.793,73.162,72.631,71.651,65.454,73.121,77.753,72.692,72.524,72.368,70.108,74.079,72.758,73.642,76.27,77.017,76.166,72.721,77.461,69.745
19.05.13,75.339,73.316,82.933,78.044,76.916,77.721,75.74,76.077,74.793,73.096,72.631,71.651,65.447,73.103,77.753,72.692,72.556,72.364,70.108,74.079,72.758,73.639,76.273,77.017,76.121,72.711,77.44,69.729
19.05.20,75.308,73.296,82.933,78.044,76.918,77.721,75.729,76.006,74.793,73.041,72.631,71.651,65.416,73.103,77.751,72.69,72.556,72.331,70.034,74.129,72.751,73.639,76.265,77.017,76.052,72.708,77.41,69.707
19.05.27,75.251,73.276,82.86,78.044,76.922,77.721,75.723,75.873,74.793,72.967,72.617,71.651,65.388,73.103,77.761,72.688,72.583,72.331,70.021,74.129,72.751,73.636,76.261,77.017,76.01,72.697,77.285,69.681
19.06.03,75.216,73.27,82.86,78.044,76.897,77.721,75.702,75.851,74.793,72.947,72.617,71.651,65.382,73.103,77.778,72.687,72.604,72.331,70.021,74.125,72.742,73.629,76.24,76.992,76.01,72.684,77.27,69.665
19.06.10,75.19,73.261,82.86,78.044,76.899,77.735,75.675,75.8,74.793,72.907,72.617,71.606,65.374,73.103,77.787,72.688,72.669,72.299,70.021,74.163,72.743,73.62,76.204,76.995,75.993,72.67,77.228,69.653
19.06.17,75.17,73.269,82.87,78.044,76.909,77.764,75.698,75.772,74.779,72.889,72.617,71.606,65.374,73.103,77.785,72.724,72.747,72.244,70.021,74.219,72.754,73.62,76.204,77.044,75.995,72.727,77.175,69.645
19.06.24,75.163,73.31,82.937,78.044,76.909,77.777,75.743,75.772,74.79,72.889,72.628,71.628,65.459,73.1,77.809,72.788,72.833,72.244,70.021,74.219,72.78,73.62,76.204,77.142,76.089,72.827,77.177,69.653
19.07.01,75.157,73.375,82.937,78.044,76.909,77.806,75.806,75.917,74.792,73.003,72.628,71.747,65.518,73.1,77.855,72.902,72.975,72.245,70.021,74.227,72.896,73.623,76.207,77.298,76.152,72.937,77.18,69.67
19.07.08,75.134,73.454,83.025,78.044,76.969,77.826,75.929,75.972,74.792,73.048,72.696,71.833,65.59,73.1,77.86,73.052,73.111,72.217,70.033,74.327,72.983,73.609,76.205,77.456,76.277,73.15,77.341,69.683
19.07.15,75.123,73.531,83.04,78.044,76.98,77.882,76.027,75.999,74.892,73.201,72.724,71.835,65.642,73.128,77.932,73.234,73.257,72.199,70.062,74.425,73.118,73.676,76.238,77.554,76.482,73.232,77.362,69.7
19.07.22,75.111,73.61,83.04,78.044,77.025,77.998,76.1,76.062,74.995,73.226,72.785,71.846,65.705,73.182,78.098,73.351,73.384,72.201,70.129,74.425,73.193,73.802,76.292,77.655,76.661,73.348,77.363,69.721
19.07.29,75.099,73.68,83.04,78.044,77.074,78.008,76.151,76.155,75.053,73.297,72.804,71.899,65.783,73.201,78.132,73.493,73.446,72.202,70.189,74.425,73.263,73.867,76.302,77.85,76.794,73.463,77.375,69.744
19.08.05,75.098,73.76,83.048,78.044,77.104,78.062,76.284,76.291,75.07,73.416,72.815,71.994,65.842,73.251,78.18,73.696,73.516,72.2,70.229,74.464,73.372,73.941,76.371,78.102,76.814,73.557,77.483,69.765
19.08.12,75.111,73.828,83.048,78.044,77.14,78.114,76.412,76.345,75.139,73.481,72.846,72.009,65.904,73.325,78.336,73.758,73.581,72.2,70.275,74.549,73.531,73.973,76.386,78.238,76.856,73.633,77.658,69.794
19.08.19,75.116,73.904,83.048,78.044,77.152,78.172,76.501,76.492,75.271,73.556,72.87,72.087,65.969,73.392,78.41,73.892,73.697,72.2,70.311,74.634,73.717,73.973,76.4,78.341,76.924,73.695,77.809,69.823
19.08.26,75.119,73.985,83.1,78.051,77.227,78.289,76.586,76.508,75.492,73.612,72.927,72.179,66.032,73.475,78.476,73.979,73.757,72.214,70.362,74.714,73.8,73.993,76.418,78.438,77.108,73.794,77.93,69.851
19.09.02,75.128,74.083,83.147,78.051,77.269,78.398,76.717,76.699,75.535,73.699,72.946,72.203,66.062,73.575,78.695,74.157,73.802,72.293,70.465,74.848,73.921,74.03,76.493,78.549,77.289,73.933,78.064,69.886
19.09.16,75.132,74.158,83.294,78.099,77.3,78.463,76.845,76.768,75.665,73.737,73,72.203,66.076,73.72,78.787,74.252,73.853,72.334,70.539,74.887,74.087,74.137,76.591,78.594,77.4,74.073,78.141,69.907
19.09.23,75.145,74.268,83.505,78.101,77.415,78.563,77.118,76.779,75.735,73.841,73.02,72.2,66.093,73.854,78.807,74.315,74.036,72.354,70.581,75.092,74.287,74.206,76.676,78.643,77.689,74.351,78.291,69.937
19.09.30,75.167,74.38,83.505,78.255,77.467,78.693,77.183,76.882,75.815,73.904,73.033,72.211,66.117,73.931,78.991,74.48,74.299,72.36,70.658,75.21,74.459,74.316,76.807,78.736,77.916,74.565,78.433,69.98
19.10.07,75.193,74.479,83.646,78.259,77.534,78.715,77.322,77.014,75.931,74.035,73.069,72.215,66.128,74.064,79.014,74.659,74.49,72.366,70.77,75.429,74.67,74.368,76.872,78.823,78.055,74.763,78.499,70.026
19.10.14,75.216,74.587,83.69,78.293,77.673,78.779,77.509,77.06,75.977,74.147,73.079,72.239,66.156,74.067,79.078,74.727,74.751,72.412,70.844,75.635,74.813,74.455,76.927,78.922,78.332,74.933,78.734,70.072
19.10.21,75.241,74.699,83.714,78.407,77.753,78.857,77.737,77.129,76.049,74.289,73.099,72.295,66.204,74.215,79.322,74.806,74.928,72.466,70.908,75.855,75.005,74.5,76.967,79.068,78.482,75.107,78.882,70.12
19.10.28,75.262,74.807,83.975,78.597,77.905,78.907,77.958,77.149,76.182,74.381,73.115,72.31,66.24,74.384,79.396,74.838,75.08,72.517,70.944,75.937,75.312,74.555,77.022,79.118,78.691,75.383,78.966,70.161
19.11.04,75.291,74.909,84.024,78.822,78.007,78.994,78.12,77.251,76.219,74.488,73.123,72.338,66.264,74.493,79.479,74.851,75.219,72.582,71.064,76.023,75.488,74.615,77.138,79.206,78.915,75.549,79.096,70.211
19.11.11,75.326,75.007,84.113,78.834,78.164,79.072,78.295,77.273,76.334,74.579,73.173,72.357,66.299,74.563,79.542,74.916,75.408,72.618,71.261,76.092,75.606,74.658,77.238,79.308,79.045,75.749,79.226,70.263
19.11.18,75.38,75.154,84.113,78.87,78.301,79.122,78.415,77.324,76.454,74.678,73.19,72.392,66.358,74.729,79.563,74.964,75.599,72.792,71.419,76.211,75.779,74.745,77.31,79.434,79.458,76.161,79.324,70.34
19.11.25,75.436,75.289,84.326,79.029,78.346,79.205,78.698,77.373,76.553,74.808,73.24,72.433,66.419,74.889,79.612,75.125,75.829,72.913,71.567,76.461,75.931,74.825,77.359,79.528,79.727,76.423,79.446,70.408
19.12.02,75.505,75.475,84.397,79.186,78.475,79.282,78.944,77.426,76.628,74.92,73.284,72.476,66.44,74.993,79.792,75.319,76.238,73.107,71.729,76.725,76.232,74.926,77.513,79.662,80.379,76.681,79.549,70.497
19.12.09,75.581,75.659,84.398,79.42,78.798,79.389,79.182,77.462,76.766,74.987,73.345,72.523,66.488,75.067,80.12,75.519,76.405,73.251,72.007,76.905,76.612,75.205,77.728,79.808,80.72,76.999,79.7,70.602
19.12.16,75.651,75.81,84.525,79.545,79.185,79.544,79.306,77.512,76.843,75.088,73.389,72.548,66.545,75.251,80.261,75.672,76.526,73.358,72.314,77.056,76.874,75.391,77.948,79.929,80.961,77.226,79.811,70.689
19.12.23,75.731,75.955,84.665,79.704,79.354,79.592,79.322,77.598,76.968,75.212,73.425,72.602,66.63,75.308,80.536,75.926,76.876,73.447,72.498,77.326,77.09,75.563,78.217,80.081,81.144,77.358,79.848,70.787
19.12.30,75.797,76.087,84.763,79.8,79.464,79.697,79.518,77.678,77.007,75.383,73.467,72.646,66.67,75.345,80.633,76.312,77.327,73.549,72.619,77.474,77.26,75.669,78.23,80.169,81.389,77.484,79.908,70.869
20.01.06,75.858,76.197,84.792,79.919,79.604,79.736,79.666,77.704,77.022,75.5,73.536,72.668,66.715,75.44,80.73,76.622,77.547,73.831,72.755,77.651,77.408,75.806,78.341,80.276,81.482,77.549,79.944,70.954
20.01.13,75.937,76.315,84.882,80.074,79.759,79.819,79.83,77.744,77.045,75.595,73.619,72.705,66.825,75.5,80.769,76.776,77.765,74.06,72.922,77.845,77.519,76.042,78.547,80.35,81.606,77.622,79.986,71.053
20.01.20,76.023,76.433,84.953,80.326,79.815,79.876,79.968,77.933,77.098,75.67,73.734,72.726,66.902,75.91,81.017,76.809,77.984,74.164,72.979,78.034,77.811,76.253,78.729,80.447,81.715,77.652,80.063,71.176
20.02.03,76.154,76.604,85.001,80.471,79.958,79.943,80.185,78.037,77.162,75.892,73.847,72.792,67.148,75.982,81.092,76.839,78.389,74.391,73.162,78.479,78.075,76.48,79.091,80.545,81.799,77.786,80.136,71.369
20.02.10,76.283,76.708,85.054,80.614,80.116,80.028,80.35,78.063,77.221,76.015,73.884,72.839,67.244,76.061,81.128,76.858,78.601,74.598,73.369,78.658,78.178,76.679,79.215,80.639,81.844,77.858,80.187,71.559
20.02.17,76.404,76.834,85.091,80.769,80.207,80.106,80.715,78.187,77.271,76.133,73.946,72.861,67.345,76.128,81.285,77.1,79.039,74.674,73.574,78.858,78.253,76.874,79.347,80.662,81.903,77.964,80.31,71.738
20.02.24,76.522,76.96,85.099,80.812,80.246,80.195,80.93,78.264,77.309,76.394,74.084,72.877,67.427,76.214,81.304,77.387,79.286,74.798,73.868,79.152,78.379,77.008,79.582,80.682,81.947,78.113,80.373,71.915
20.03.02,76.617,77.069,85.136,80.889,80.338,80.275,81.277,78.408,77.347,76.542,74.131,72.889,67.519,76.255,81.481,77.575,79.525,74.939,74.023,79.477,78.411,77.146,79.719,80.742,81.965,78.244,80.398,72.07
20.03.09,76.738,77.179,85.143,81.021,80.388,80.354,81.528,78.6,77.376,76.664,74.224,72.949,67.643,76.31,81.563,77.668,79.72,74.975,74.233,79.905,78.508,77.268,79.904,80.76,81.996,78.395,80.459,72.252
20.03.16,76.841,77.269,85.204,81.04,80.453,80.449,81.63,78.709,77.487,76.77,74.245,72.981,67.783,76.374,81.629,77.715,79.94,75.015,74.399,80.289,78.536,77.358,80.127,80.758,82.003,78.474,80.521,72.406
20.03.23,76.919,77.313,85.207,81.059,80.473,80.497,81.813,78.746,77.546,76.852,74.273,73.021,67.857,76.472,81.647,77.787,80.118,75.08,74.446,80.448,78.598,77.421,80.201,80.723,81.89,78.451,80.543,72.524
20.03.30,76.968,77.346,85.207,81.066,80.485,80.506,81.904,78.816,77.565,76.878,74.299,73.048,67.936,76.59,81.729,77.818,80.247,75.08,74.51,80.448,78.698,77.443,80.243,80.643,81.875,78.425,80.567,72.6
20.04.06,77.009,77.372,85.207,81.073,80.485,80.506,81.991,78.846,77.565,76.907,74.331,73.07,68.028,76.654,81.778,77.85,80.278,75.08,74.621,80.48,78.727,77.459,80.342,80.607,81.84,78.385,80.589,72.663
20.04.13,77.033,77.388,85.251,81.095,80.503,80.519,82.042,78.878,77.574,76.949,74.388,73.078,68.067,76.693,81.837,77.862,80.274,75.082,74.66,80.546,78.741,77.479,80.366,80.551,81.826,78.38,80.611,72.703
20.04.20,77.065,77.389,85.305,81.095,80.503,80.532,82.093,78.895,77.624,76.967,74.398,73.093,68.091,76.706,81.858,77.872,80.244,75.099,74.733,80.585,78.722,77.493,80.384,80.513,81.734,78.339,80.592,72.751
20.05.04,77.091,77.387,85.364,81.095,80.503,80.533,82.118,78.899,77.636,76.967,74.398,73.114,68.103,76.721,81.902,77.883,80.235,75.117,74.735,80.585,78.74,77.501,80.418,80.484,81.65,78.295,80.591,72.791
20.05.11,77.117,77.388,85.364,81.137,80.54,80.552,82.142,78.901,77.657,76.979,74.414,73.114,68.101,76.751,81.968,77.919,80.209,75.117,74.795,80.585,78.766,77.517,80.461,80.457,81.535,78.278,80.578,72.837
20.05.18,77.164,77.413,85.376,81.156,80.544,80.558,82.292,78.928,77.661,77.064,74.464,73.142,68.181,76.81,81.968,77.96,80.195,75.117,74.864,80.585,78.814,77.564,80.549,80.451,81.462,78.272,80.576,72.897
20.05.25,77.217,77.449,85.389,81.211,80.544,80.579,82.447,78.929,77.666,77.09,74.588,73.155,68.306,76.842,82.024,78.006,80.207,75.154,74.977,80.67,78.849,77.567,80.549,80.45,81.443,78.254,80.578,72.965
20.06.01,77.283,77.515,85.49,81.239,80.57,80.603,82.535,78.979,77.666,77.148,74.743,73.16,68.487,76.863,82.063,78.132,80.203,75.328,75.083,80.847,78.922,77.584,80.595,80.454,81.443,78.303,80.578,73.047
20.06.08,77.369,77.628,85.537,81.262,80.589,80.624,82.693,79.033,77.681,77.334,74.854,73.208,68.735,76.958,82.213,78.345,80.371,75.45,75.213,81.315,79.012,77.618,80.71,80.477,81.491,78.401,80.596,73.16
20.06.15,77.489,77.788,85.577,81.435,80.593,80.643,82.882,79.179,77.72,77.561,75.127,73.239,68.954,76.967,82.395,78.573,80.802,75.555,75.352,81.682,79.145,77.797,80.77,80.568,81.775,78.514,80.663,73.313
20.06.22,77.731,78.133,85.784,81.588,80.697,80.792,83.189,79.485,77.819,77.888,76.06,73.513,69.621,77.264,82.776,78.952,81.126,75.905,75.619,81.869,79.606,77.98,81.33,80.661,82.098,78.939,80.809,73.651
20.06.29,77.941,78.515,85.873,81.9,80.793,80.895,83.771,79.754,77.966,78.568,76.57,73.96,70.245,77.42,83.21,79.329,81.617,76.242,75.866,82.3,80.166,78.258,81.719,80.886,82.344,79.484,80.895,73.942
20.07.06,78.142,78.954,85.927,82.043,80.943,81.435,84.044,80.057,78.266,79.112,76.837,74.382,70.742,78.032,83.475,79.506,82.09,76.734,76.43,82.586,80.775,78.689,82.121,81.196,82.938,80.096,81.097,74.224
20.07.13,78.35,79.452,86.231,82.763,81.36,81.693,84.529,80.497,78.664,79.831,77.424,74.855,71.606,78.167,83.708,79.974,82.461,77.376,76.867,82.744,81.294,79.141,82.451,81.568,83.372,80.819,81.282,74.528
20.07.20,78.54,79.914,86.41,83.208,81.686,81.841,84.96,80.922,79.253,80.346,78.495,75.724,72.239,78.455,84.027,80.275,83.151,77.949,77.22,83.225,81.718,79.508,82.933,81.93,83.711,81.187,81.536,74.803
20.07.27,78.723,80.338,86.624,83.499,81.975,82.236,85.229,81.169,79.766,80.966,79.211,76.409,72.891,78.907,84.23,80.559,83.555,78.403,77.952,83.478,82.111,79.874,83.197,82.007,84.026,81.574,81.837,75.068
20.08.03,78.881,80.653,87.289,83.676,82.075,82.692,85.581,81.268,80.385,81.293,79.501,76.806,73.361,79.386,84.506,80.852,83.837,78.481,78.371,83.59,82.488,80.253,83.404,82.372,84.214,81.792,82.087,75.258
20.08.10,79.08,81.083,87.519,83.925,82.154,83.112,85.759,81.574,80.733,81.834,79.846,77.485,74.129,79.638,84.698,81.164,84.255,78.636,79.041,83.919,82.865,80.611,83.608,82.857,84.601,82.317,82.367,75.525
20.08.17,79.249,81.443,87.567,84.074,82.295,83.594,86.155,81.844,81.131,82.324,80.13,77.821,74.729,80.217,84.907,81.499,84.555,78.963,79.412,84.446,83.132,80.873,83.83,83.021,84.972,82.704,82.597,75.752
20.08.24,79.428,81.796,87.982,84.388,82.424,84.122,86.428,82.182,81.437,82.765,81.103,78.243,75.189,80.637,85.185,81.844,84.846,79.408,79.902,84.67,83.341,81.179,84.022,83.161,85.132,83.124,82.903,75.992
20.08.31,79.583,82.108,88.308,84.43,82.736,84.457,86.741,82.518,81.828,82.964,81.542,78.711,75.664,81.074,85.413,82.048,85.165,79.794,80.27,84.944,83.649,81.449,84.112,83.331,85.437,83.348,83.099,76.195
20.09.07,79.722,82.398,88.502,84.618,83.064,84.852,86.899,82.584,82.031,83.306,81.681,79.114,76.109,81.375,85.715,82.331,85.364,80.065,80.674,85.168,83.956,81.719,84.333,83.623,85.632,83.587,83.405,76.376
20.09.14,79.878,82.701,88.786,84.909,83.118,85.156,87.223,82.996,82.49,83.477,82.167,79.558,76.654,81.848,85.833,82.525,85.642,80.254,80.977,85.577,84.132,81.925,84.527,83.811,85.969,83.83,83.635,76.574
20.09.21,80.031,82.932,88.914,84.998,83.168,85.427,87.308,83.258,82.755,83.634,82.498,79.765,76.919,82.146,86.036,82.774,85.858,80.538,81.2,85.821,84.399,82.172,84.714,83.888,86.267,84.097,83.858,76.757
20.10.05,80.192,83.133,89.143,85.247,83.348,85.535,87.585,83.404,82.968,83.859,82.729,79.933,77.124,82.347,86.284,82.979,85.967,80.811,81.385,86.053,84.728,82.34,84.872,84.033,86.563,84.263,83.99,76.936
20.10.12,80.338,83.317,89.16,85.396,83.523,85.787,87.8,83.569,83.166,84.112,82.87,80.132,77.3,82.443,86.4,83.223,86.095,80.999,81.56,86.251,84.959,82.546,85.09,84.129,86.793,84.442,84.161,77.097
20.10.19,80.542,83.576,89.196,85.5,83.698,85.884,88.036,83.97,83.553,84.49,83.358,80.521,77.724,82.862,86.591,83.401,86.167,81.219,82.015,86.427,85.234,82.683,85.339,84.217,86.969,84.641,84.327,77.335
20.10.26,80.766,83.829,89.272,86.016,84.053,86.057,88.258,84.09,83.927,84.816,83.905,80.809,78.286,83.052,86.849,83.595,86.313,81.536,82.312,86.727,85.507,82.798,85.421,84.339,87.069,84.779,84.43,77.588
20.11.02,81.008,84.106,89.372,86.386,84.391,86.253,88.524,84.529,84.269,85.027,84.136,81.338,78.542,83.652,87.121,83.929,86.472,81.828,82.681,87.085,85.77,83.101,85.832,84.503,87.197,84.948,84.667,77.843
20.11.09,81.254,84.356,89.435,87.05,84.658,86.823,88.654,84.733,84.473,85.252,84.32,81.685,78.859,84.403,87.353,84.111,86.741,82.042,82.964,87.232,85.943,83.259,86.135,84.652,87.239,85.171,84.905,78.057
20.11.16,81.553,84.6,89.779,87.415,84.658,86.988,88.797,84.943,84.677,85.511,84.415,81.969,79.202,84.779,87.579,84.333,86.909,82.241,83.192,87.378,86.356,83.45,86.568,84.961,87.368,85.419,85.112,78.325
20.11.23,81.903,84.863,89.835,87.599,84.828,87.069,89.202,85.07,84.818,85.766,84.71,82.139,79.565,85.398,87.826,84.587,87.216,82.351,83.532,87.534,86.615,83.684,86.903,85.143,87.81,85.64,85.351,78.606
20.11.30,82.231,85.091,89.943,87.913,85.004,87.22,89.455,85.175,84.973,85.961,85.278,82.45,79.787,85.593,88.118,84.754,87.393,82.741,83.769,87.748,86.767,83.945,86.971,85.177,88.172,85.921,85.605,78.875
20.12.07,82.562,85.409,90.7,88.108,85.064,87.514,89.497,85.406,85.417,86.311,85.727,82.847,80.254,86.064,88.389,85.04,87.601,82.953,83.943,87.993,87.123,84.185,87.375,85.42,88.527,86.295,85.867,79.18
20.12.14,82.949,85.713,90.997,88.526,85.203,87.642,89.829,85.658,85.803,86.867,85.923,83.33,80.706,86.344,88.614,85.276,87.935,83.14,84.176,88.382,87.434,84.492,87.734,85.791,88.563,86.599,86.165,79.531
20.12.21,83.237,86.038,91.383,88.56,85.392,88.156,89.951,86.222,85.926,87.003,86.116,83.646,81.1,86.767,89.005,85.584,88.18,83.427,84.666,88.613,87.774,84.817,87.998,86.176,88.803,86.953,86.518,79.846
20.12.28,83.582,86.422,91.505,89.149,85.793,88.786,90.203,86.336,86.076,87.703,86.27,83.935,81.627,87.272,89.154,85.998,88.354,83.676,84.974,88.802,88.291,85.373,88.644,86.533,89.069,87.374,86.941,80.211
21.01.04,83.865,86.761,91.762,89.434,85.991,89.23,90.475,86.907,86.225,87.984,86.555,84.235,82.156,87.741,89.325,86.808,88.458,83.836,85.216,88.983,88.497,85.959,88.81,86.853,89.281,87.742,87.444,80.551
21.01.11,84.208,87.087,91.873,89.641,86.306,89.468,90.645,87.274,86.258,88.514,86.684,84.46,82.742,88.048,89.555,87.199,88.644,84.273,85.479,89.116,88.724,86.426,89.271,87.317,89.379,88.07,87.738,80.961
21.01.18,84.542,87.426,92.028,90.602,86.687,89.593,90.827,87.805,86.52,88.937,87.089,84.646,83.26,88.433,90.007,87.594,88.897,84.479,85.942,89.179,88.932,87.141,89.526,87.663,89.6,88.318,87.991,81.39
21.01.25,84.869,87.755,92.113,90.811,86.801,90.015,90.993,88.047,86.807,89.31,87.391,85.078,83.724,88.795,90.032,88.136,89.214,84.713,86.508,89.481,89.182,87.797,89.86,87.87,89.777,88.53,88.343,81.778
21.02.01,85.256,88.106,92.173,91.626,87.05,90.414,91.177,88.461,87.261,89.461,87.736,85.527,84.311,89.044,90.177,88.586,89.623,84.955,86.88,89.749,89.609,88.485,90.034,87.995,90.042,88.728,88.733,82.262
21.02.15,85.688,88.48,92.223,91.991,87.217,90.783,91.456,89.355,87.537,89.629,87.934,85.841,84.917,89.206,90.507,89.184,90.031,85.4,87.148,89.936,89.989,89.226,90.386,88.099,90.379,88.978,89.053,82.833
21.02.22,86.1,88.816,92.272,92.184,87.528,91.125,91.541,90.051,87.935,89.843,88.266,86.234,85.462,89.529,90.638,89.723,90.378,85.71,87.571,90.139,90.307,89.635,90.599,88.225,90.624,89.209,89.372,83.368
21.03.01,86.497,89.12,92.318,92.265,88.09,91.504,91.693,90.21,88.18,90.298,88.595,86.682,85.912,89.72,90.95,89.888,90.63,86.036,87.9,90.476,90.394,90.433,90.899,88.306,90.76,89.528,89.611,83.901
21.03.08,86.843,89.406,92.337,92.321,88.262,91.57,91.859,90.508,88.425,90.833,88.782,87.368,86.46,89.775,91.073,90.601,90.801,86.117,88.169,90.671,90.787,90.664,91.004,88.433,91.006,89.707,89.806,84.359
21.03.15,87.171,89.658,92.357,92.501,88.515,91.658,91.967,90.674,88.693,91.225,89.176,88.104,86.735,90.14,91.45,90.976,91.138,86.228,88.489,90.78,90.97,90.814,91.104,88.475,91.14,89.835,90.361,84.808
21.03.22,87.515,89.878,92.357,92.841,88.787,91.829,92.092,90.936,88.959,91.456,89.431,88.529,86.955,90.219,91.853,91.283,91.317,86.399,88.812,90.826,91.164,90.998,91.491,88.562,91.31,89.994,90.586,85.24
21.03.29,87.846,90.06,92.653,93.076,89.231,91.967,92.11,90.968,89.179,91.76,89.481,88.686,87.223,90.314,91.989,91.45,91.493,86.607,88.924,90.854,91.424,91.506,91.622,88.6,91.358,90.067,91.036,85.655
21.04.05,88.163,90.316,92.991,93.289,89.43,92.554,92.283,91.159,89.293,91.815,89.737,89.265,87.656,90.425,92.27,91.805,91.711,86.956,89.217,91.095,91.631,91.689,91.835,88.647,91.493,90.21,91.299,86.059
21.04.12,88.417,90.512,93.022,93.371,89.461,92.81,92.297,91.334,89.506,92.019,90.203,89.82,88.067,90.686,92.441,91.861,91.828,87.066,89.329,91.158,91.822,91.811,91.988,88.726,91.65,90.375,91.396,86.385
21.04.19,88.709,90.707,93.07,93.416,89.481,92.929,92.448,91.613,89.658,92.063,90.469,90.348,88.501,90.761,92.76,92.006,91.94,87.261,89.495,91.221,91.949,91.95,92.019,88.896,91.777,90.532,91.607,86.744
21.04.26,88.99,90.957,93.178,93.565,89.647,93.056,92.586,91.754,89.895,92.068,91.1,90.703,88.929,90.932,92.833,92.394,92.437,87.499,89.645,91.556,92.094,92.083,92.156,89.016,92.139,90.759,91.877,87.083
21.05.03,89.24,91.164,93.22,94,89.803,93.056,92.615,91.981,90.048,92.188,91.464,91.113,89.17,91.01,92.975,92.573,92.669,87.729,89.915,91.91,92.331,92.244,92.346,89.165,92.33,91.006,92.071,87.372
21.05.10,89.526,91.424,93.558,94.337,90.086,93.181,92.709,92.155,90.333,92.305,91.735,91.492,89.585,91.092,93.141,92.929,92.961,87.947,90.207,91.915,92.666,92.361,92.544,89.504,92.489,91.355,92.297,87.723
21.05.17,89.78,91.628,93.611,94.342,90.316,93.182,92.811,92.263,90.554,92.531,91.823,91.875,90.019,91.156,93.245,93.071,93.119,88.174,90.407,92.221,92.94,92.702,92.653,89.554,92.597,91.575,92.466,88.039
21.05.24,90.133,91.944,93.784,94.433,90.472,93.273,92.946,92.758,90.904,92.609,92.039,92.245,90.537,91.322,93.485,93.399,93.337,88.489,90.815,92.377,93.093,93.246,92.957,90.115,92.831,91.868,92.846,88.474
21.05.31,90.477,92.28,93.901,94.503,90.801,93.634,93.07,93.04,91.364,92.835,92.542,92.754,90.915,91.511,93.717,93.661,93.598,88.741,91.366,92.645,93.293,93.739,93.409,90.687,93.107,92.15,93.097,88.921
21.06.07,90.859,92.631,93.923,94.798,91.145,93.826,93.272,93.379,91.721,93.087,93.037,93.067,91.47,92.055,94.082,94.006,93.977,89.278,91.719,92.922,93.595,94.222,93.619,91.135,93.239,92.312,93.54,89.402
21.06.14,91.218,92.941,93.944,95.172,91.405,94.258,93.552,93.641,91.936,93.613,93.082,93.17,91.841,92.57,94.507,94.267,94.293,89.685,92.156,93.16,93.76,94.703,93.79,91.562,93.421,92.498,93.855,89.846
21.06.21,91.546,93.253,94.115,95.203,91.7,94.38,93.825,93.845,92.232,93.93,93.451,93.463,92.405,92.742,94.517,94.613,94.542,89.996,92.762,93.476,93.97,95.287,93.996,91.801,93.627,92.767,94.15,90.257
21.06.28,91.928,93.625,94.27,95.657,91.815,94.573,94.325,94.062,92.62,94.481,94.122,94.035,92.818,92.898,94.949,94.908,94.718,90.612,93.345,93.996,94.087,95.848,94.164,92.229,93.963,93.02,94.45,90.733
21.07.05,92.25,93.878,94.646,95.913,92.112,94.691,94.759,94.422,93.15,94.512,94.354,94.398,93.01,93.421,95.226,95.16,95.044,90.807,93.444,94.358,94.338,96.018,94.815,92.497,94.08,93.245,94.733,91.131
21.07.12,92.604,94.133,94.793,95.971,92.424,94.836,94.968,94.618,93.463,94.852,94.46,94.633,93.36,93.685,95.765,95.421,95.208,91.034,93.825,94.439,94.683,96.154,95.006,92.608,94.224,93.684,94.832,91.567
21.07.19,92.985,94.473,94.81,96.336,92.529,94.876,95.144,95.219,93.933,95.052,94.905,95.311,93.824,94.143,95.821,95.676,95.309,91.478,94.008,95.034,95.02,96.268,95.377,92.97,94.47,94.163,95.267,92.052
21.07.26,93.35,94.729,94.968,96.335,93.048,94.941,95.425,95.538,94.397,95.218,94.971,95.57,94.075,94.229,96.123,95.887,95.541,91.958,94.285,95.293,95.32,96.45,95.683,93.181,94.647,94.523,95.452,92.491
21.08.02,93.655,94.948,95.072,96.47,93.572,95.041,95.483,96.028,94.53,95.487,95.101,95.838,94.249,94.617,96.373,96.243,95.697,92.219,94.379,95.458,95.466,96.598,95.886,93.436,94.825,94.828,95.598,92.857
21.08.09,94.074,95.311,95.33,96.47,93.733,95.62,96.064,96.279,94.985,95.835,95.401,96.374,94.799,95.018,96.538,96.685,96.176,92.734,94.495,95.859,95.668,96.757,96.147,93.908,95.018,95.241,95.706,93.387
21.08.16,94.441,95.633,95.537,96.47,94.178,95.983,96.437,96.421,95.414,96.276,95.768,96.841,95.231,95.665,96.877,96.79,96.317,93.341,94.663,96.064,95.941,96.791,96.499,94.23,95.284,95.643,95.745,93.854
21.08.23,94.925,96.063,95.939,97.067,94.62,96.574,96.956,96.867,95.826,96.696,96.123,97.389,95.794,96.068,97.294,97.101,96.663,93.974,95.087,96.21,96.226,97.076,96.919,94.585,95.621,96.093,96.095,94.487
21.08.30,95.395,96.453,96.023,97.067,95.251,97.294,97.224,97.123,96.416,96.992,96.46,97.759,96.191,96.438,97.78,97.26,96.847,94.732,95.677,96.886,96.777,97.237,97.144,95.015,95.921,96.381,96.359,95.048
21.09.06,95.853,96.886,96.271,97.371,95.672,97.865,97.684,97.611,96.729,97.707,97.117,98.014,96.921,96.99,98.181,97.548,97.091,95.382,96.187,97.59,97.057,97.504,97.354,95.402,96.181,96.811,96.383,95.616
21.09.13,96.299,97.252,96.81,97.657,96.08,98.166,98.04,97.968,97.044,98.077,97.499,98.238,97.555,97.588,98.501,97.822,97.438,95.999,96.573,97.902,97.245,97.652,97.73,95.805,96.43,97.104,96.553,96.136
21.09.27,96.83,97.684,97.095,97.988,96.73,98.615,98.094,98.269,97.316,98.526,98.298,98.65,97.96,98.107,98.613,98.217,97.991,96.848,97.18,98.28,97.736,98.057,98.299,96.243,96.697,97.493,96.746,96.756
21.10.04,97.216,97.96,97.562,98.037,96.861,98.653,98.094,98.537,97.726,98.971,98.401,98.969,98.195,98.461,98.793,98.397,98.285,97.266,97.595,98.433,98.023,98.378,98.627,96.402,96.953,97.835,97.068,97.223
21.10.11,97.563,98.269,97.772,98.31,97.028,99.005,98.259,98.87,98.326,99.191,98.593,99.233,98.5,98.535,99.093,98.553,98.391,97.479,98.108,98.488,98.362,98.63,99.01,96.762,97.412,98.291,97.389,97.626
21.10.18,97.977,98.507,98.177,98.543,97.378,99.073,98.31,98.882,98.415,99.27,98.842,99.337,98.644,98.819,99.192,98.981,98.73,97.886,98.505,98.553,98.463,98.725,99.278,97.227,97.762,98.661,97.58,98.045
21.10.25,98.315,98.751,98.729,99.096,97.83,99.355,98.893,99.04,98.76,99.431,98.973,99.399,98.943,98.968,99.232,99.101,98.971,98.14,98.709,98.658,98.633,98.858,99.502,97.418,98.208,98.882,97.947,98.391
21.11.01,98.599,98.969,99.136,99.318,98.213,99.364,99.212,99.072,99.007,99.48,99.054,99.404,99.23,99.123,99.25,99.425,99.085,98.773,99.027,98.837,98.881,98.965,99.697,97.829,98.385,98.978,98.299,98.679
21.11.08,98.849,99.156,99.186,99.318,98.456,99.513,99.333,99.445,99.366,99.549,99.168,99.555,99.376,99.24,99.41,99.546,99.266,99.062,99.123,98.873,99.058,99.146,99.755,98.195,98.631,99.135,98.623,98.922
21.11.15,99.065,99.31,99.186,99.47,98.75,99.631,99.476,99.737,99.366,99.814,99.216,99.575,99.51,99.302,99.41,99.694,99.372,99.331,99.276,98.961,99.087,99.268,99.877,98.51,98.86,99.268,98.895,99.117
21.11.22,99.256,99.458,99.358,99.578,99.202,99.674,99.586,99.772,99.576,99.837,99.53,99.699,99.642,99.484,99.41,99.813,99.422,99.435,99.44,99.344,99.324,99.469,99.891,98.717,99.008,99.423,99.231,99.305
21.11.29,99.414,99.595,99.616,99.596,99.42,99.674,99.723,99.782,99.824,99.886,99.711,99.887,99.73,99.687,99.437,99.813,99.48,99.439,99.751,99.468,99.561,99.752,99.891,98.954,99.217,99.623,99.341,99.47
21.12.06,99.56,99.7,99.882,99.741,99.499,99.717,99.803,99.782,99.883,99.897,99.736,99.944,99.735,99.843,99.705,99.816,99.578,99.591,99.831,99.549,99.76,99.843,99.891,99.32,99.332,99.68,99.725,99.624
21.12.13,99.685,99.768,99.968,99.918,99.639,99.729,99.834,99.782,99.918,99.897,99.804,99.944,99.785,99.918,99.741,99.833,99.678,99.637,99.844,99.695,99.833,99.944,99.939,99.507,99.504,99.728,99.843,99.744
21.12.20,99.806,99.85,100,99.918,99.891,99.741,99.921,99.845,99.93,99.98,99.851,99.974,99.921,99.98,99.826,99.884,99.752,99.637,99.856,99.765,99.857,99.944,99.965,99.748,99.71,99.819,99.921,99.848
21.12.27,99.893,99.917,100,99.968,99.922,99.77,99.927,99.936,99.981,100,99.911,100.008,99.985,99.98,99.885,99.948,99.854,99.773,99.899,99.802,99.913,99.944,99.965,99.927,99.881,99.867,99.958,99.92
22.01.03,99.946,99.968,100,100,99.948,99.959,99.969,99.936,99.981,100,99.911,100,100.003,100.001,99.986,99.939,99.954,99.922,99.977,99.942,99.978,99.944,99.968,99.956,99.972,99.946,99.967,99.964
22.01.10,100,100,100,100,100,100,100,100,100,100,100,100,100,100,100,100,100,100,100,100,100,100,100,100,100,100,100,100
22.01.17,100.049,100.034,100,100,100,100.067,100.004,100.04,100.056,99.996,100.061,100.055,100.015,100.014,100.029,100,100.097,100.038,100.042,100.053,100.072,100.021,99.959,100.03,100.061,100,100.067,100.04
22.01.24,100.089,100.06,100,100,100.027,100.079,100.034,100.061,100.082,99.983,100.074,100.092,100.05,100.014,100.029,100.019,100.114,100.086,100.042,100.129,100.166,100.021,99.935,100.057,100.122,100.018,100.106,100.073
22.02.07,100.128,100.08,100,100,100.119,100.143,100.07,99.981,100.082,99.969,100.074,100.093,100.051,100.014,100.01,100.047,100.241,100.092,100.051,100.266,100.217,100.021,99.917,100.098,100.152,100.048,100.098,100.092
22.02.14,100.163,100.092,100,100,100.234,100.219,100.126,99.901,100.082,99.929,100.143,100.093,100.036,100.014,100.01,100.071,100.239,100.126,100.071,100.266,100.234,100.041,99.919,100.149,100.159,100.079,100.092,100.108
22.02.21,100.184,100.104,100,100,100.308,100.309,100.149,99.861,100.082,99.88,100.148,100.093,100.023,100.018,100.01,100.103,100.198,100.16,100.071,100.351,100.234,100.041,100.021,100.17,100.209,100.092,100.112,100.117
22.02.28,100.208,100.119,100,100,100.345,100.309,100.161,99.861,100.082,99.871,100.148,100.111,100.043,100.017,100.04,100.122,100.184,100.194,100.099,100.404,100.262,100.041,100.035,100.202,100.254,100.094,100.093,100.134
22.03.07,100.232,100.132,100.04,100,100.4,100.399,100.193,99.861,100.082,99.805,100.148,100.141,100.043,100.017,99.992,100.131,100.167,100.23,100.099,100.404,100.257,100.042,100.135,100.235,100.313,100.094,100.108,100.142
22.03.14,100.266,100.147,100.067,100,100.436,100.452,100.193,99.84,100.082,99.799,100.148,100.125,100.031,100.017,100.007,100.131,100.174,100.3,100.099,100.442,100.235,100.044,100.135,100.287,100.391,100.096,100.143,100.151
22.03.21,100.306,100.162,100.118,100.03,100.538,100.452,100.302,99.84,100.082,99.799,100.156,100.14,99.964,100.017,100.007,100.165,100.177,100.334,100.129,100.566,100.235,100.048,100.159,100.294,100.495,100.119,100.148,100.168
22.03.28,100.358,100.186,100.143,100.055,100.587,100.452,100.364,99.882,100.082,99.816,100.179,100.157,99.977,100.023,100.031,100.172,100.186,100.392,100.173,100.61,100.236,100.059,100.186,100.363,100.533,100.119,100.171,100.204
22.04.04,100.413,100.22,100.215,100.055,100.62,100.487,100.453,99.935,100.095,99.832,100.224,100.217,99.981,100.036,100.045,100.172,100.198,100.421,100.173,100.61,100.284,100.089,100.186,100.473,100.634,100.156,100.171,100.247
22.04.11,100.46,100.256,100.301,100.055,100.703,100.487,100.577,100.021,100.132,99.866,100.258,100.238,99.993,100.046,100.064,100.194,100.236,100.471,100.173,100.64,100.29,100.112,100.186,100.637,100.675,100.188,100.2,100.281
22.04.18,100.522,100.298,100.373,100.108,100.83,100.513,100.692,100.025,100.139,99.909,100.297,100.265,100.014,100.127,100.085,100.208,100.276,100.547,100.21,100.671,100.286,100.128,100.205,100.787,100.716,100.251,100.2,100.328
22.04.25,100.576,100.341,100.503,100.142,100.963,100.566,100.815,100.025,100.162,99.882,100.301,100.306,100.024,100.183,100.087,100.234,100.282,100.545,100.273,100.69,100.371,100.253,100.205,101.008,100.73,100.288,100.225,100.372
22.05.02,100.629,100.394,100.672,100.161,101.175,100.61,100.863,100.025,100.178,99.871,100.325,100.367,100.046,100.195,100.087,100.306,100.304,100.545,100.391,100.847,100.406,100.418,100.265,101.187,100.734,100.377,100.229,100.414
22.05.09,100.682,100.432,100.818,100.161,101.409,100.61,100.952,100.025,100.178,99.86,100.331,100.399,99.999,100.201,100.087,100.383,100.344,100.634,100.391,100.891,100.507,100.549,100.265,101.304,100.8,100.411,100.26,100.455
22.05.16,100.712,100.469,100.961,100.161,101.684,100.615,100.964,100.025,100.178,99.813,100.35,100.408,99.959,100.242,100.087,100.442,100.494,100.634,100.391,101.056,100.518,100.611,100.354,101.385,100.895,100.484,100.251,100.475
22.05.23,100.742,100.519,101.035,100.237,101.996,100.633,101.036,100.124,100.257,99.809,100.401,100.468,99.934,100.322,100.087,100.527,100.656,100.671,100.412,101.165,100.554,100.639,100.459,101.398,100.963,100.505,100.312,100.488
22.05.30,100.756,100.557,101.18,100.237,102.165,100.633,101.137,100.124,100.257,99.804,100.456,100.497,99.92,100.354,99.999,100.636,100.738,100.671,100.472,101.261,100.629,100.795,100.481,101.465,101.006,100.53,100.355,100.483
22.06.06,100.762,100.587,101.313,100.237,102.365,100.649,101.282,100.124,100.257,99.804,100.513,100.497,99.878,100.36,99.944,100.646,100.745,100.671,100.479,101.261,100.657,100.826,100.481,101.665,101.135,100.552,100.375,100.474
22.06.13,100.752,100.603,101.313,100.237,102.413,100.649,101.308,100.124,100.283,99.729,100.554,100.51,99.829,100.36,99.912,100.681,100.747,100.681,100.5,101.326,100.778,100.828,100.439,101.81,101.255,100.517,100.379,100.437
22.06.20,100.747,100.626,101.313,100.309,102.413,100.649,101.387,100.044,100.283,99.727,100.584,100.476,99.824,100.358,99.894,100.721,100.771,100.681,100.487,101.426,100.904,100.861,100.409,101.948,101.375,100.513,100.359,100.42
22.06.27,100.741,100.629,101.445,100.309,102.574,100.647,101.469,99.898,100.335,99.667,100.589,100.441,99.828,100.357,99.875,100.705,100.778,100.709,100.467,101.463,100.908,100.883,100.369,102.017,101.463,100.451,100.341,100.404
22.07.04,100.713,100.634,101.445,100.309,102.583,100.638,101.47,99.898,100.335,99.626,100.611,100.441,99.83,100.393,99.831,100.708,100.77,100.709,100.45,101.536,100.991,100.914,100.376,102.028,101.516,100.424,100.313,100.356
22.07.11,100.678,100.638,101.438,100.309,102.62,100.668,101.507,99.896,100.335,99.6,100.599,100.406,99.838,100.413,99.817,100.692,100.756,100.629,100.448,101.536,101.029,100.859,100.375,102.028,101.673,100.396,100.327,100.314
22.07.18,100.631,100.618,101.438,100.309,102.636,100.703,101.552,99.892,100.335,99.52,100.599,100.375,99.778,100.476,99.778,100.692,100.717,100.547,100.42,101.525,101.123,100.84,100.337,102.039,101.732,100.382,100.092,100.247
22.07.25,100.584,100.584,101.436,100.309,102.636,100.742,101.59,99.889,100.335,99.483,100.56,100.343,99.656,100.479,99.714,100.624,100.62,100.412,100.445,101.525,101.135,100.748,100.348,102.046,101.721,100.376,100.082,100.199
22.08.01,100.557,100.571,101.426,100.309,102.647,100.742,101.59,99.889,100.335,99.447,100.56,100.343,99.605,100.479,99.688,100.621,100.598,100.412,100.431,101.525,101.133,100.724,100.348,102.047,101.721,100.355,100.082,100.166
22.08.08,100.498,100.536,101.411,100.273,102.658,100.73,101.574,99.889,100.335,99.279,100.56,100.164,99.542,100.494,99.672,100.597,100.576,100.383,100.431,101.525,101.126,100.709,100.349,102.053,101.681,100.31,100.069,100.103
22.08.15,100.45,100.492,101.411,100.236,102.668,100.73,101.574,99.843,100.335,99.237,100.56,99.785,99.482,100.48,99.658,100.599,100.545,100.358,100.405,101.525,101.119,100.659,100.335,102.053,101.649,100.231,100.061,100.037
22.08.22,100.393,100.453,101.415,100.236,102.679,100.73,101.555,99.828,100.335,99.228,100.551,99.669,99.384,100.475,99.644,100.59,100.536,100.28,100.38,101.494,101.091,100.629,100.335,102.038,101.641,100.146,99.982,99.97
22.08.29,100.305,100.382,101.4,100.188,102.67,100.719,101.35,99.825,100.335,99.09,100.538,99.507,99.259,100.475,99.64,100.586,100.444,100.218,100.358,101.328,101.085,100.567,100.262,102.023,101.609,99.984,99.854,99.86
22.09.05,100.209,100.297,101.4,100.174,102.666,100.684,101.327,99.636,100.325,99.004,100.536,99.162,99.05,100.434,99.61,100.585,100.295,100.177,100.286,101.265,101.079,100.567,100.262,101.999,101.575,99.832,99.831,99.739
