,0,1,2,3,4,5,6,7,8,9,10,11,12,13,14,15,16,17,18,19,20,21,22,23,24,25,26,27,28,29,30,31,32,33,34,35,36,37,38,39,40,41,42,43,44,45,46,47,48,49,50,51,52,53,54,55,56,57,58,59,60,61,62,63,64,65,66,67,68,69,70,71,72,73,74,75,76,77,78,79,80,81,82,83,84,85,86,87,88,89,90,91,92,93,94,95,96,97,98,99,100,101,102,103,104,105,106,107,108,109,110,111,112
0,2.2537364959716797,2.214571952819824,2.8632781505584717,2.3182642459869385,2.9255566596984863,4.181563377380371,1.9044606685638428,1.9940518140792847,3.1046741008758545,2.482099771499634,1.9318722486495972,2.9034903049468994,3.39770770072937,2.3504083156585693,2.0796918869018555,3.0893776416778564,2.2455761432647705,2.7057552337646484,2.3996875286102295,2.4169726371765137,2.2464771270751953,2.7242865562438965,1.572200059890747,2.2780938148498535,1.9942948818206787,2.3253679275512695,3.6376893520355225,2.7681050300598145,1.8179563283920288,1.9783648252487183,2.1058285236358643,3.4240071773529053,2.7982630729675293,2.723353147506714,2.1614835262298584,2.523205280303955,1.8248168230056763,2.6168956756591797,1.9101370573043823,2.580073595046997,2.523228168487549,1.6658803224563599,2.0473527908325195,2.1360113620758057,2.31115460395813,2.4411628246307373,2.3528733253479004,2.0089285373687744,1.638856053352356,2.4832067489624023,2.1993978023529053,3.62920880317688,2.895296335220337,2.339918613433838,2.0517330169677734,2.475102663040161,2.5068564414978027,2.57412052154541,2.397406578063965,2.42618989944458,2.600661516189575,2.269496440887451,2.429798126220703,2.518075942993164,2.6212270259857178,2.919513702392578,2.203704357147217,1.1345511674880981,1.987190842628479,2.392320394515991,1.9999949932098389,2.472078561782837,2.6241722106933594,2.8903896808624268,3.0047202110290527,1.781296730041504,2.1618809700012207,2.496072292327881,3.16481876373291,3.1540277004241943,2.5573232173919678,3.257732629776001,3.560610294342041,1.491135835647583,2.3247573375701904,2.9740285873413086,2.1031410694122314,3.0304813385009766,2.314074754714966,2.2679731845855713,1.5662647485733032,1.8958946466445923,2.060389995574951,1.8987078666687012,0.6483625173568726,1.6729402542114258,2.4415395259857178,2.3379318714141846,3.167233467102051,2.8995394706726074,1.9314682483673096,3.146427869796753,1.7743337154388428,2.858199119567871,3.1385531425476074,2.567775249481201,1.9860095977783203,2.130950927734375,3.864811658859253,2.8287129402160645,2.635735034942627,2.2315804958343506,1.9051796197891235
1,2.5635910034179688,2.2078371047973633,2.8561997413635254,2.484386444091797,2.675954580307007,4.119690895080566,1.9393622875213623,1.839800238609314,2.889497995376587,2.4847261905670166,2.351017713546753,3.048327684402466,3.2043325901031494,2.372408390045166,2.430598258972168,2.810037612915039,2.5564322471618652,2.8032774925231934,2.3134329319000244,2.480766773223877,2.2886605262756348,2.770695447921753,1.8266353607177734,2.2718381881713867,2.0225162506103516,2.4088306427001953,6.314821243286133,2.6852850914001465,1.7723767757415771,2.42232084274292,2.3874597549438477,3.464000940322876,2.967803478240967,2.0601844787597656,1.9402456283569336,3.4265129566192627,1.858941912651062,2.417720317840576,1.986393690109253,2.6660540103912354,2.7212579250335693,1.6779829263687134,2.1177849769592285,2.3643903732299805,2.291714906692505,2.359379291534424,2.2924916744232178,1.9919068813323975,1.5788365602493286,2.4264180660247803,2.2221012115478516,3.5356972217559814,2.9413857460021973,2.328207015991211,2.075817823410034,2.4807164669036865,2.4994053840637207,2.5667335987091064,2.2490806579589844,2.219395399093628,2.443758010864258,2.224982976913452,2.4805314540863037,2.4036641120910645,2.4185590744018555,2.890763759613037,2.3586618900299072,1.5738507509231567,2.036726713180542,1.8995423316955566,2.0416197776794434,2.268383026123047,2.6976051330566406,2.7320168018341064,3.0766170024871826,1.6391804218292236,2.1000850200653076,2.4088966846466064,3.1189136505126953,2.901587724685669,2.497713088989258,3.3142449855804443,3.450730800628662,1.404110074043274,2.2316548824310303,2.9341959953308105,2.184451103210449,2.559615135192871,2.116145133972168,2.3527581691741943,1.6879909038543701,1.8827379941940308,2.469562530517578,2.0571253299713135,0.8792001008987427,1.6743711233139038,2.414189100265503,2.3300342559814453,3.192687511444092,2.8999180793762207,1.90814208984375,3.256267786026001,1.8265587091445923,2.841156482696533,2.840362071990967,2.8056938648223877,2.097580671310425,1.9917891025543213,3.8526222705841064,2.3313069343566895,2.6811649799346924,2.7132062911987305,1.963152527809143
2,2.256218910217285,2.3115715980529785,2.8767240047454834,2.4707345962524414,2.644653081893921,4.169244766235352,1.9617465734481812,1.9102791547775269,3.045982599258423,2.486729621887207,1.9104888439178467,3.125803232192993,3.370145559310913,2.413343906402588,2.0380139350891113,3.045929431915283,2.589693784713745,2.7731781005859375,2.4248619079589844,2.338665246963501,2.2580208778381348,2.747175693511963,1.5131261348724365,2.272627830505371,2.044658660888672,2.385160446166992,5.35270881652832,2.862295150756836,1.836350679397583,2.1593165397644043,2.5326671600341797,3.585273027420044,2.5029296875,2.0383636951446533,2.109163999557495,3.315986156463623,1.8367615938186646,2.5890088081359863,1.9729626178741455,2.6727054119110107,2.8852546215057373,1.6197315454483032,2.0571675300598145,2.2574362754821777,2.3016903400421143,2.292311668395996,2.280702829360962,1.769723653793335,1.5908221006393433,2.433887004852295,2.1467816829681396,3.461134195327759,2.950279712677002,2.356302499771118,2.2456281185150146,2.5233073234558105,2.5353808403015137,2.7073986530303955,2.259484052658081,2.1749651432037354,2.6615021228790283,2.465874433517456,2.515484094619751,2.5399582386016846,2.4372429847717285,2.8872783184051514,2.1548256874084473,1.5952898263931274,2.080873727798462,2.111252546310425,2.026864767074585,2.492248773574829,2.8019514083862305,2.803194284439087,2.2691893577575684,1.6033302545547485,2.0661673545837402,2.378154754638672,3.1533164978027344,3.6382153034210205,2.2489888668060303,3.4843106269836426,3.182647705078125,1.497740626335144,1.9713389873504639,3.0741660594940186,2.008993148803711,3.092082977294922,2.2097136974334717,2.3078415393829346,1.6761980056762695,1.8546173572540283,2.1084725856781006,2.028191328048706,0.7558836340904236,1.7037689685821533,2.524937629699707,2.3041367530822754,3.170635461807251,2.2182679176330566,1.8621721267700195,3.297027826309204,1.7869983911514282,2.855976104736328,2.6966850757598877,2.495190143585205,2.1038107872009277,2.1540277004241943,3.7767751216888428,2.058230400085449,2.5120604038238525,2.943057060241699,1.8444852828979492
3,2.5798614025115967,2.420619010925293,2.8116400241851807,2.403707504272461,2.6478891372680664,4.048778533935547,2.061561346054077,1.9968119859695435,2.985875368118286,2.4760260581970215,1.8857353925704956,3.0867979526519775,3.198723077774048,2.3341236114501953,2.148460865020752,2.9884331226348877,1.929808259010315,2.7728781700134277,2.547560930252075,2.3682708740234375,2.2385873794555664,2.7821741104125977,2.669788360595703,2.245729923248291,1.9410676956176758,2.4662108421325684,5.114190101623535,2.858854293823242,1.8181025981903076,1.7691570520401,2.6608126163482666,3.69301438331604,2.3201260566711426,2.1024115085601807,2.1308748722076416,3.056941270828247,1.9311813116073608,2.6133296489715576,1.941923975944519,2.597321033477783,2.7118306159973145,1.7034300565719604,2.1143579483032227,2.281116008758545,2.3012502193450928,2.380260467529297,2.30881667137146,1.9752219915390015,1.597296118736267,2.5051167011260986,2.231916666030884,3.5822741985321045,2.943619966506958,2.3671364784240723,2.2559351921081543,2.4892663955688477,2.473769187927246,2.7580535411834717,2.2558064460754395,2.2996442317962646,2.7366206645965576,2.425802707672119,2.552093744277954,2.504788398742676,2.3786206245422363,2.829209089279175,2.2355055809020996,1.586563229560852,2.1818816661834717,1.6972949504852295,1.9901165962219238,1.9308325052261353,2.7998366355895996,2.9695050716400146,3.118253231048584,1.4187079668045044,2.122140645980835,2.49045729637146,3.1623728275299072,3.5493967533111572,2.179063081741333,3.5438382625579834,3.2998948097229004,1.3539639711380005,1.716532588005066,2.9238572120666504,2.226693630218506,2.4173502922058105,2.275571823120117,2.3746960163116455,1.3704508543014526,1.8436421155929565,2.411850929260254,2.139585494995117,1.0477168560028076,1.6374127864837646,2.5349056720733643,2.3401646614074707,3.072023630142212,2.9635000228881836,1.8759503364562988,3.3430094718933105,1.774474859237671,2.8623437881469727,2.748387575149536,1.9380768537521362,2.147592306137085,2.1312358379364014,3.618661880493164,2.348323106765747,2.4504401683807373,2.839480400085449,1.9539602994918823
4,2.6727936267852783,1.9331835508346558,2.8531713485717773,2.5644607543945312,3.177675724029541,4.206101894378662,2.0089895725250244,1.9471577405929565,3.0860984325408936,2.6145262718200684,2.200552463531494,3.1845173835754395,3.3708748817443848,2.4151172637939453,2.1355977058410645,2.747286319732666,2.4914982318878174,2.914092779159546,2.567044973373413,2.3961217403411865,2.2823221683502197,2.9451303482055664,1.4860363006591797,2.178419589996338,2.070828437805176,2.386341094970703,7.390871524810791,2.9001975059509277,1.8002803325653076,2.2881734371185303,2.6454732418060303,3.5582125186920166,2.8391847610473633,1.857968807220459,2.2160704135894775,3.0442087650299072,2.0624284744262695,2.5795552730560303,2.022261142730713,2.733590841293335,2.7580811977386475,1.7424174547195435,2.0282797813415527,2.1670055389404297,2.335178852081299,2.3623480796813965,2.3734867572784424,2.0157370567321777,1.619957447052002,2.4977662563323975,2.1838936805725098,3.513420820236206,2.962597608566284,2.376103162765503,2.2145819664001465,2.4818642139434814,2.379546880722046,2.7590575218200684,2.395132541656494,2.488337993621826,2.6760175228118896,2.4892821311950684,2.590851068496704,2.3151488304138184,2.5349531173706055,2.788217306137085,2.1118202209472656,1.9345544576644897,2.1796960830688477,1.9827861785888672,2.0143589973449707,2.5885989665985107,2.5046491622924805,3.1171886920928955,3.0340607166290283,1.6227235794067383,2.1286849975585938,2.5102953910827637,3.074794292449951,3.388129711151123,2.6457436084747314,3.8872082233428955,3.62445068359375,1.4583581686019897,1.7907103300094604,2.9257569313049316,1.9418244361877441,3.150481939315796,2.2806167602539062,2.3458404541015625,1.3914417028427124,1.8613903522491455,2.561814069747925,2.1034648418426514,0.712548017501831,1.5363072156906128,2.5870516300201416,2.4124529361724854,3.1716086864471436,2.4814796447753906,1.934386968612671,3.070356845855713,1.9773389101028442,2.870549440383911,2.914034605026245,2.144883155822754,2.1376421451568604,2.2047970294952393,3.903237819671631,2.096106767654419,2.7000718116760254,3.1234586238861084,1.957828402519226
5,2.4892578125,2.3657941818237305,2.926898241043091,2.538400888442993,3.1261448860168457,4.272739887237549,2.2152364253997803,2.015127420425415,3.0355215072631836,2.530484914779663,1.969692587852478,3.2316291332244873,3.3094370365142822,2.417785406112671,2.374448299407959,2.8332509994506836,2.515022039413452,2.8709542751312256,2.391197919845581,2.5090081691741943,2.335758686065674,3.04884672164917,2.7214250564575195,2.2414188385009766,2.105227470397949,2.2733404636383057,5.170110702514648,2.851363182067871,1.8645886182785034,1.8725016117095947,2.5576252937316895,3.6633400917053223,2.9114274978637695,1.861393690109253,2.045476198196411,3.1160762310028076,2.0108375549316406,2.652881383895874,2.043074131011963,2.800021171569824,2.5251781940460205,1.7353025674819946,2.0712008476257324,2.1778745651245117,2.3650546073913574,2.4125401973724365,2.4097583293914795,2.115386486053467,1.6106921434402466,2.5363354682922363,2.250178813934326,3.701601505279541,3.024569272994995,2.3786137104034424,2.1748979091644287,2.4731783866882324,2.42758846282959,2.818608045578003,2.1927337646484375,2.4949028491973877,2.810835599899292,2.3757262229919434,2.61588191986084,2.2885751724243164,2.622925043106079,2.9130425453186035,2.3807907104492188,1.6702061891555786,2.2497506141662598,1.740004062652588,2.0031683444976807,2.007115602493286,2.689464569091797,3.029935121536255,2.382112979888916,1.6538176536560059,2.030709743499756,2.692579746246338,3.4913253784179688,3.8189244270324707,2.6885201930999756,3.923257827758789,3.348630428314209,1.4103423357009888,1.907378077507019,2.9224019050598145,2.2223005294799805,3.058030366897583,2.2530081272125244,2.446941375732422,1.6742007732391357,1.8446803092956543,2.604949951171875,2.2863948345184326,0.6788491606712341,1.5667321681976318,2.6424596309661865,2.4726345539093018,3.2244842052459717,2.754230499267578,1.9494223594665527,3.0025453567504883,1.9142388105392456,2.8860480785369873,2.913264274597168,2.287787675857544,2.164494514465332,2.216886043548584,3.8913042545318604,2.0929243564605713,2.7821924686431885,2.830352783203125,1.9211859703063965
6,2.948328733444214,2.3826403617858887,2.939534902572632,2.554924249649048,3.141392946243286,4.354279518127441,2.0868265628814697,2.0408594608306885,3.1550614833831787,2.4593422412872314,2.0963590145111084,3.4787795543670654,3.2913811206817627,2.399977922439575,2.0924253463745117,3.0356688499450684,2.719813823699951,2.8971798419952393,2.368698835372925,2.514173984527588,2.3587918281555176,2.9248392581939697,1.4253721237182617,2.2397685050964355,2.0866196155548096,2.5101633071899414,5.115821361541748,2.8787841796875,1.8190606832504272,1.9351065158843994,2.5383501052856445,3.7553634643554688,2.732558488845825,2.1031320095062256,2.0597739219665527,3.2499258518218994,2.040379047393799,2.6720991134643555,2.184418201446533,2.8076155185699463,2.828803777694702,1.7148104906082153,2.0771913528442383,2.1477863788604736,2.3683509826660156,2.525169849395752,2.349050760269165,2.1151797771453857,1.6560033559799194,2.43278169631958,2.310178756713867,3.8210153579711914,3.021016836166382,2.392624616622925,2.3433475494384766,2.514866828918457,2.4820151329040527,2.8760485649108887,2.2833428382873535,2.4631309509277344,2.653754472732544,2.4845173358917236,2.68459415435791,2.3191702365875244,2.643122673034668,3.0698256492614746,2.419620990753174,1.8957864046096802,2.2906830310821533,2.1455652713775635,2.075216054916382,2.6537106037139893,2.966287136077881,2.9887478351593018,3.1570284366607666,1.9636034965515137,2.0265774726867676,2.674370527267456,2.9667484760284424,3.7356693744659424,2.6271677017211914,3.9979541301727295,3.479477643966675,1.4165388345718384,1.9784969091415405,2.894059658050537,2.19087553024292,3.3210368156433105,2.309020757675171,2.4601223468780518,1.453636884689331,1.8552294969558716,2.6623473167419434,2.045847177505493,1.217650294303894,1.4242944717407227,2.635885715484619,2.5080747604370117,3.2104785442352295,2.8120343685150146,1.9471948146820068,3.0732924938201904,1.873551368713379,2.8780856132507324,2.9616315364837646,2.407444477081299,2.200733184814453,2.2382967472076416,4.012247085571289,2.1582999229431152,2.7378695011138916,3.1175849437713623,1.8735685348510742
7,2.354356288909912,2.27750301361084,2.892009735107422,2.5866036415100098,3.1821582317352295,4.39521598815918,2.153045654296875,1.999913215637207,3.104030132293701,2.503239393234253,2.1281678676605225,3.3549752235412598,3.2983133792877197,2.53114652633667,2.219141960144043,3.1176843643188477,2.796006441116333,3.0482685565948486,2.549271821975708,2.5007164478302,2.3791439533233643,2.988119125366211,3.184068441390991,2.2657852172851562,2.094745397567749,2.585756301879883,4.477567672729492,2.9118845462799072,1.8978362083435059,2.058478832244873,2.780219078063965,3.6005465984344482,3.0513899326324463,2.2996628284454346,2.1301558017730713,3.3498802185058594,2.1074485778808594,2.690697193145752,2.049722671508789,2.826159715652466,2.704296112060547,1.7213760614395142,2.1247849464416504,2.3208141326904297,2.3708155155181885,2.4039998054504395,2.3276264667510986,2.0015668869018555,1.6609045267105103,2.546637773513794,2.2610056400299072,3.6422507762908936,3.0136489868164062,2.383251428604126,2.467327117919922,2.5624468326568604,2.4909772872924805,2.8502564430236816,2.2979681491851807,2.417292833328247,2.8317644596099854,2.393480062484741,2.7433440685272217,2.3064239025115967,2.5162949562072754,3.1523711681365967,2.536621570587158,1.295220136642456,2.307804822921753,1.7324342727661133,2.131612539291382,2.047569513320923,2.6257753372192383,3.2176578044891357,2.7603225708007812,2.0279345512390137,2.068328380584717,2.6159307956695557,3.2491073608398438,3.7872161865234375,2.666233777999878,3.819905996322632,3.49350643157959,1.4969083070755005,2.12090802192688,2.956908702850342,2.269399642944336,2.9795260429382324,2.3486247062683105,2.4889657497406006,1.4270042181015015,1.8598631620407104,2.8373076915740967,2.041718006134033,0.7562463283538818,1.3885903358459473,2.695800542831421,2.485085964202881,3.7285373210906982,2.39652681350708,1.9341504573822021,3.3147523403167725,2.1849546432495117,2.881049156188965,3.037435531616211,2.7112836837768555,2.272765874862671,2.224851369857788,3.9855802059173584,2.0612785816192627,2.595654249191284,3.0751805305480957,1.9801194667816162
8,2.844327211380005,2.4404983520507812,3.007622003555298,2.63148832321167,3.1029319763183594,4.322991371154785,2.3409128189086914,2.014435291290283,3.1322684288024902,2.7091050148010254,1.991134524345398,3.5731594562530518,3.402130365371704,2.541882276535034,2.448071241378784,2.9453654289245605,2.733666181564331,3.109755277633667,2.5939314365386963,2.4869697093963623,2.3708739280700684,3.0121090412139893,2.6834118366241455,2.2902684211730957,2.1069955825805664,2.469388008117676,4.818450927734375,2.9252731800079346,1.8723498582839966,2.2001256942749023,2.772190570831299,3.757533550262451,3.003563404083252,2.1861917972564697,2.1676886081695557,3.218634605407715,2.218325138092041,2.740886926651001,2.134988784790039,2.781416893005371,3.277010440826416,1.7094242572784424,2.137826919555664,2.3223202228546143,2.3904874324798584,2.398444652557373,2.3586490154266357,2.1551947593688965,1.67291259765625,2.494657278060913,2.2426064014434814,3.725299835205078,3.0105576515197754,2.3847062587738037,2.4075911045074463,2.5804765224456787,2.537052631378174,2.8480653762817383,2.3423337936401367,2.3742387294769287,2.8435745239257812,2.5527122020721436,2.7744925022125244,2.3519980907440186,2.616542339324951,3.2279248237609863,2.506700038909912,1.1998895406723022,2.3885726928710938,1.648725986480713,2.093465805053711,2.4823105335235596,2.9358174800872803,3.266688823699951,2.367490530014038,1.9957926273345947,2.151529312133789,2.668318033218384,3.3914480209350586,3.6364574432373047,2.4441211223602295,3.8629894256591797,3.68677020072937,1.3793352842330933,2.2299582958221436,2.9012184143066406,2.222464084625244,3.363676071166992,2.339667797088623,2.5760607719421387,1.6252086162567139,1.852068543434143,2.845088243484497,2.1409473419189453,0.8556258678436279,1.4261503219604492,2.6790554523468018,2.4702558517456055,3.6870741844177246,2.795443534851074,1.9440772533416748,3.1851398944854736,2.047903060913086,2.8725745677948,2.9616165161132812,2.8010590076446533,2.2598040103912354,2.1958751678466797,3.952915906906128,1.9223562479019165,2.5450379848480225,2.953730821609497,1.927962064743042
9,2.7181787490844727,2.3649911880493164,2.9345645904541016,2.5914976596832275,3.1402952671051025,4.216387748718262,2.071615219116211,1.9665396213531494,3.0197641849517822,2.325528144836426,2.0797903537750244,3.3881332874298096,3.216539144515991,2.478482484817505,2.2098426818847656,2.8811445236206055,2.6553845405578613,3.0565154552459717,2.565392255783081,2.3002469539642334,2.299421548843384,3.0318193435668945,3.118957757949829,2.2769598960876465,2.0283031463623047,2.540353536605835,4.6017231941223145,2.878345489501953,1.7450060844421387,1.7484978437423706,2.7760424613952637,3.5543315410614014,2.68607234954834,2.3947994709014893,2.137657880783081,3.3304080963134766,2.218620777130127,2.669929027557373,2.106797218322754,2.77441143989563,2.5787689685821533,1.6884691715240479,2.0741665363311768,2.3609278202056885,2.3762245178222656,2.416888475418091,2.3302195072174072,2.0513322353363037,1.655941367149353,2.6835575103759766,2.228816032409668,3.5741968154907227,3.0447325706481934,2.400590658187866,2.3819713592529297,2.5455734729766846,2.531012535095215,2.874011516571045,2.3612937927246094,2.371790647506714,2.9083030223846436,2.4133641719818115,2.7799642086029053,2.2992618083953857,2.3941049575805664,3.2141571044921875,2.48093843460083,1.9417542219161987,2.2991836071014404,1.6210505962371826,2.0352096557617188,2.221796751022339,2.418344497680664,3.23917555809021,3.0506041049957275,1.8800828456878662,1.9462498426437378,2.631967544555664,3.5449423789978027,3.680694103240967,2.755779504776001,3.645131826400757,3.4865307807922363,1.4508438110351562,2.2429425716400146,2.999880313873291,2.1668410301208496,4.152782917022705,2.3112311363220215,2.4693942070007324,1.6946606636047363,1.8203842639923096,2.8474514484405518,1.9439845085144043,1.1272612810134888,1.5684545040130615,2.6494271755218506,2.442218780517578,3.6545891761779785,2.977670669555664,1.8933145999908447,3.2489054203033447,2.040684938430786,2.8406786918640137,3.2995147705078125,2.755178689956665,2.2365286350250244,2.1064951419830322,3.817734479904175,2.330645799636841,2.881687641143799,2.964406728744507,1.8219329118728638
10,2.686453342437744,2.2817821502685547,3.159359931945801,2.6411190032958984,3.2073373794555664,4.071226119995117,2.213167190551758,2.024841785430908,3.0613014698028564,2.795055389404297,2.0134363174438477,3.2197883129119873,3.2808473110198975,2.2482311725616455,2.096405267715454,2.729666233062744,2.42618465423584,3.113664388656616,2.2154157161712646,2.325098752975464,2.140012502670288,2.9383840560913086,1.4834928512573242,2.257204055786133,1.9844921827316284,2.4995086193084717,4.74747896194458,2.8454742431640625,1.340065836906433,2.019629955291748,2.7203540802001953,3.5907328128814697,2.898566246032715,2.2436296939849854,1.9209175109863281,2.8659050464630127,2.1482138633728027,2.579742670059204,1.9089175462722778,2.7938392162323,2.908160924911499,1.6520684957504272,2.0558485984802246,2.3918375968933105,2.3330395221710205,2.246339797973633,2.2319538593292236,1.6910911798477173,1.610357403755188,2.4568915367126465,2.3025190830230713,3.4659128189086914,2.9904227256774902,2.4431495666503906,2.1963510513305664,2.4359524250030518,2.438136100769043,2.931896686553955,2.3309311866760254,2.0525548458099365,2.850999593734741,2.587841510772705,2.7634990215301514,2.218423366546631,2.401914119720459,3.0985987186431885,2.4147160053253174,1.330299973487854,2.245593786239624,2.0443296432495117,1.8560709953308105,2.4589626789093018,3.0363616943359375,3.2056045532226562,3.1251132488250732,1.5205165147781372,1.8786450624465942,2.676041841506958,2.974088430404663,3.388556957244873,2.1959662437438965,3.280609369277954,3.196380138397217,1.3832831382751465,1.9278390407562256,3.0169477462768555,1.8321138620376587,3.101189136505127,2.2752153873443604,2.4918806552886963,1.269774317741394,1.8037993907928467,2.907808303833008,1.7149728536605835,1.0759830474853516,1.6582483053207397,2.6382110118865967,2.374325752258301,3.778010845184326,2.875699043273926,1.8883378505706787,3.530585289001465,2.241899013519287,2.7963855266571045,3.0784316062927246,2.4625535011291504,2.319626808166504,2.0537149906158447,3.9920504093170166,2.0764999389648438,2.8115944862365723,2.781906843185425,1.829174518585205
11,2.9214577674865723,2.0812911987304688,3.1361021995544434,2.525646686553955,2.9471688270568848,3.8733713626861572,2.1463868618011475,1.9375814199447632,2.8928377628326416,2.821573495864868,1.6498967409133911,3.0671756267547607,3.2691142559051514,2.0791709423065186,2.146169662475586,2.7456021308898926,2.802248239517212,3.0148181915283203,2.1844232082366943,2.306211471557617,2.0598316192626953,2.687920331954956,2.5027875900268555,2.2394094467163086,2.008535146713257,2.459810256958008,5.014033317565918,2.8295578956604004,1.3830875158309937,2.027968645095825,2.4516749382019043,3.540348768234253,2.9503631591796875,2.0479533672332764,1.6683359146118164,3.001676321029663,2.2052202224731445,2.515167236328125,1.6011780500411987,2.84735369682312,2.5172171592712402,1.6609784364700317,1.9270771741867065,2.1836037635803223,2.347623586654663,1.995627522468567,2.0559043884277344,1.8202074766159058,1.5778987407684326,2.665356159210205,2.296250104904175,3.369297981262207,2.933542013168335,2.4192068576812744,2.242417812347412,2.297264814376831,2.3585009574890137,3.0187714099884033,2.3896865844726562,1.8803809881210327,2.8089687824249268,2.4904768466949463,2.750628709793091,2.1488423347473145,2.3929977416992188,3.012685775756836,2.1985678672790527,1.7354756593704224,2.1138598918914795,1.573418378829956,1.8276894092559814,2.4070770740509033,2.448483467102051,3.151121139526367,2.3473007678985596,1.6781013011932373,1.8164206743240356,2.727079153060913,3.0648128986358643,3.355292558670044,2.2185678482055664,2.9834864139556885,3.199183702468872,1.3565932512283325,2.2703235149383545,2.8504538536071777,1.8446061611175537,4.228531360626221,2.1821939945220947,2.469683885574341,1.9367575645446777,1.7967928647994995,2.974942445755005,1.5658046007156372,0.9425757527351379,1.6871989965438843,2.675398111343384,2.257659673690796,3.8013663291931152,2.8832473754882812,1.9174549579620361,3.520038366317749,2.052154779434204,2.682345390319824,2.9987359046936035,2.485419750213623,2.2564778327941895,1.882239580154419,3.7541544437408447,1.8563791513442993,2.6851866245269775,2.818596839904785,1.7473628520965576
12,2.7021355628967285,1.995125412940979,3.3300774097442627,2.417212963104248,3.0717740058898926,3.9787521362304688,2.20090651512146,1.701072096824646,2.965956926345825,2.6797266006469727,1.661365032196045,3.085831642150879,3.122157335281372,1.9507209062576294,2.1321187019348145,2.5798585414886475,2.8534810543060303,2.920989751815796,1.986739158630371,2.301591396331787,1.9581598043441772,2.811116933822632,2.6298458576202393,2.2257752418518066,1.9544106721878052,2.330245018005371,3.1766440868377686,2.8258442878723145,1.1784982681274414,2.195049524307251,2.595714807510376,3.4479901790618896,2.844409942626953,2.2212653160095215,2.067052125930786,3.4436936378479004,2.033982753753662,2.406343460083008,1.7310155630111694,2.8859808444976807,2.83516526222229,1.5982290506362915,1.8730158805847168,2.1353893280029297,2.2960124015808105,1.9892446994781494,1.898202896118164,1.8031506538391113,1.583357334136963,2.320011615753174,2.267939805984497,3.203462839126587,2.945361852645874,2.393463373184204,2.2838938236236572,2.104931354522705,2.283820152282715,2.9607319831848145,2.4744176864624023,1.9459033012390137,2.8171215057373047,2.0791540145874023,2.734809637069702,2.071237325668335,2.3001904487609863,2.9609572887420654,2.2965087890625,1.3718904256820679,1.9887306690216064,1.6505953073501587,1.770855188369751,1.9017640352249146,2.544257879257202,3.144228935241699,3.1426987648010254,1.492594838142395,1.7980440855026245,2.7338740825653076,3.2133331298828125,3.6061649322509766,2.4180848598480225,2.8393023014068604,3.072249174118042,1.3645577430725098,2.2090835571289062,2.7721219062805176,1.9411462545394897,3.2120368480682373,2.100264549255371,2.5133872032165527,1.338117241859436,1.800950288772583,2.9116599559783936,1.4384719133377075,1.0433539152145386,1.724470853805542,2.651080846786499,2.2437288761138916,3.6971986293792725,2.8207712173461914,1.8312139511108398,3.0745391845703125,2.0306906700134277,2.654695510864258,3.3996753692626953,2.376469612121582,2.180847644805908,1.7381432056427002,3.6382358074188232,2.4087307453155518,2.6971282958984375,2.5787789821624756,1.6970527172088623
13,2.8392879962921143,1.7818306684494019,3.1664817333221436,2.370131492614746,2.898773670196533,4.097367763519287,2.436552047729492,1.5363465547561646,3.0298893451690674,2.958226442337036,1.838058590888977,3.255072593688965,3.123905897140503,2.0567851066589355,2.076253652572632,2.6672677993774414,2.5083513259887695,2.7581851482391357,2.057335615158081,2.315901279449463,1.8414639234542847,2.827387809753418,2.8520054817199707,2.231302261352539,1.9117695093154907,2.2509307861328125,7.819272518157959,2.8529725074768066,1.2080042362213135,1.8235448598861694,2.6259493827819824,3.550307035446167,2.873544931411743,2.4442925453186035,2.2127411365509033,3.3530728816986084,1.9262967109680176,2.3776655197143555,1.6634341478347778,2.8348500728607178,2.616306781768799,1.5665165185928345,1.848171353340149,2.1220297813415527,2.3576576709747314,2.1727113723754883,1.872653841972351,1.7569730281829834,1.559160828590393,2.5866734981536865,2.2861011028289795,3.0235376358032227,2.8914289474487305,2.3899569511413574,2.216284990310669,2.0609679222106934,2.1897919178009033,2.8724005222320557,2.542198657989502,1.9191076755523682,2.6181695461273193,2.5536935329437256,2.6658542156219482,2.0352044105529785,2.353241443634033,3.0330870151519775,2.4088363647460938,1.3780347108840942,2.193929672241211,1.4255179166793823,1.7990820407867432,2.551201581954956,2.4246227741241455,3.1493942737579346,2.9892733097076416,1.5144672393798828,1.7104905843734741,2.7230358123779297,3.285216808319092,3.520946741104126,2.2866504192352295,2.67991042137146,2.980164051055908,1.300044298171997,2.468348741531372,2.4955129623413086,1.8866914510726929,3.982651710510254,2.1262476444244385,2.3132078647613525,1.281693696975708,1.810766339302063,2.9029717445373535,1.61576509475708,0.7872554063796997,1.7823963165283203,2.6909823417663574,2.2048799991607666,3.834724187850952,2.344834804534912,1.8124632835388184,2.9059603214263916,2.1339688301086426,2.6134846210479736,3.2825849056243896,2.3653390407562256,2.1658425331115723,1.7485615015029907,3.7053184509277344,1.9799126386642456,2.804513931274414,2.625122308731079,1.7435944080352783
14,2.852017402648926,2.095693588256836,2.917802572250366,2.3789327144622803,2.932508945465088,4.105207443237305,2.1084251403808594,1.5013200044631958,2.934807062149048,2.1946847438812256,1.838671326637268,3.1899008750915527,2.9415977001190186,2.1323530673980713,1.9773266315460205,2.744462013244629,2.7456817626953125,2.8530261516571045,2.29264760017395,2.3444228172302246,1.9243327379226685,2.832505702972412,3.020049810409546,2.194276809692383,1.8666839599609375,2.2483181953430176,5.159287452697754,2.856351852416992,1.409080147743225,2.3661060333251953,2.8220555782318115,3.3881356716156006,2.8608195781707764,2.6312553882598877,2.0061042308807373,2.9992692470550537,1.8904367685317993,2.3418478965759277,1.8479795455932617,2.8441295623779297,2.509197473526001,1.579769253730774,1.9898450374603271,2.1343865394592285,2.3393747806549072,1.8997522592544556,1.9457082748413086,1.8880715370178223,1.6004670858383179,2.3119773864746094,2.2386443614959717,3.107196807861328,2.894899368286133,2.4112226963043213,2.4772610664367676,2.1481223106384277,2.3578054904937744,2.78938627243042,2.575653553009033,1.9092882871627808,2.8769309520721436,2.131599187850952,2.6905295848846436,2.0515427589416504,2.3780455589294434,3.1240763664245605,2.434842586517334,1.244600772857666,2.294675350189209,1.4406492710113525,1.7844841480255127,2.248534917831421,2.294238567352295,3.159071922302246,2.73089599609375,1.7295821905136108,1.9853185415267944,2.566335916519165,2.785766124725342,4.042912006378174,2.126534938812256,3.65785551071167,3.1856837272644043,1.4355217218399048,2.712650775909424,2.4195916652679443,2.068671226501465,2.884653091430664,2.191328763961792,2.4653475284576416,1.4146968126296997,1.824367880821228,2.8856863975524902,1.5999317169189453,0.5949308276176453,1.745256781578064,2.7106211185455322,2.1905720233917236,3.8802590370178223,2.38157057762146,1.7430424690246582,2.9655587673187256,2.074686288833618,2.5392775535583496,2.9320080280303955,2.602421760559082,2.314488172531128,1.8888267278671265,3.344489097595215,2.048917531967163,2.725940704345703,2.9504282474517822,1.799059271812439
15,2.9132485389709473,2.015101432800293,2.9685819149017334,2.363701820373535,3.124555826187134,4.1002936363220215,2.27479887008667,1.7016348838806152,3.00439715385437,2.773134231567383,1.8022551536560059,3.247114896774292,3.0672271251678467,2.1302456855773926,2.2942347526550293,2.9588232040405273,2.9188077449798584,2.823951482772827,2.4285051822662354,2.3171682357788086,1.9261599779129028,2.728527784347534,1.4036226272583008,2.176568031311035,1.8883033990859985,2.230663537979126,5.140927314758301,2.8770925998687744,1.3972986936569214,1.9453346729278564,2.903938055038452,3.3815929889678955,2.7707338333129883,2.6180050373077393,2.029806137084961,3.1314494609832764,2.0991106033325195,2.268900156021118,1.9903901815414429,2.8579554557800293,2.398043394088745,1.5722641944885254,2.0942442417144775,2.1075282096862793,2.318638324737549,2.0390970706939697,1.9301543235778809,1.9225270748138428,1.5749858617782593,2.5188791751861572,2.2060961723327637,3.095719814300537,2.8911795616149902,2.4128518104553223,2.3119797706604004,2.326606035232544,2.312887191772461,2.7686309814453125,2.447935104370117,1.8639965057373047,2.814687728881836,2.477022409439087,2.7434990406036377,2.1029105186462402,2.3084754943847656,3.1605896949768066,2.4604721069335938,1.5627094507217407,2.3847811222076416,1.3589720726013184,1.6957340240478516,2.4694974422454834,3.1239500045776367,3.1569817066192627,3.2008280754089355,1.85377836227417,1.8268779516220093,2.871225357055664,2.921347141265869,3.819793224334717,2.484504222869873,3.2476956844329834,3.3398118019104004,1.3471637964248657,2.507153272628784,2.3237900733947754,1.786195158958435,4.084444046020508,2.1708948612213135,2.1276514530181885,1.41054105758667,1.8257735967636108,2.855710744857788,1.591165542602539,0.8981793522834778,1.6634680032730103,2.753490447998047,2.1880083084106445,3.8315176963806152,2.0446224212646484,1.6215734481811523,3.115159511566162,2.082538604736328,2.5455524921417236,3.0819833278656006,2.4971585273742676,2.3401918411254883,1.8662618398666382,3.610668659210205,2.270744562149048,2.6470093727111816,3.315432071685791,1.7992658615112305
